TEAM_ID,TEAM_NAME,YEAR,WIN_PCT,FG_PCT,REB,AST_TOV_RAT,PTS
1610612739,Cavaliers,1982,0.28,0.465,43.7,1.127659574468085,97.1
1610612739,Cavaliers,1983,0.341,0.465,43.9,1.4506172839506173,102.3
1610612739,Cavaliers,1984,0.439,0.471,44.5,1.5147928994082842,108.6
1610612739,Cavaliers,1985,0.354,0.48,43.2,1.4651162790697674,107.8
1610612739,Cavaliers,1986,0.378,0.47,44.8,1.1827411167512691,104.4
1610612739,Cavaliers,1987,0.512,0.49,40.3,1.44,104.5
1610612739,Cavaliers,1988,0.695,0.502,42.8,1.7142857142857142,108.8
1610612739,Cavaliers,1989,0.512,0.461,42.8,1.6907894736842106,102.6
1610612739,Cavaliers,1990,0.402,0.475,40.7,1.75,101.7
1610612739,Cavaliers,1991,0.695,0.488,42.6,2.1068702290076335,108.9
1610612739,Cavaliers,1992,0.659,0.497,41.8,2.0875912408759127,107.7
1610612739,Cavaliers,1993,0.573,0.465,42.0,1.7985611510791366,101.2
1610612739,Cavaliers,1994,0.524,0.441,40.0,1.4265734265734265,90.5
1610612739,Cavaliers,1995,0.573,0.46,35.6,1.6946564885496183,91.1
1610612739,Cavaliers,1996,0.512,0.453,37.5,1.4413793103448276,87.6
1610612739,Cavaliers,1997,0.573,0.454,40.1,1.3352601156069364,92.5
1610612739,Cavaliers,1998,0.44,0.439,35.8,1.394904458598726,86.4
1610612739,Cavaliers,1999,0.39,0.442,42.8,1.3620689655172415,97.0
1610612739,Cavaliers,2000,0.366,0.442,42.1,1.2606060606060607,92.2
1610612739,Cavaliers,2001,0.354,0.448,42.1,1.582191780821918,95.3
1610612739,Cavaliers,2002,0.207,0.422,44.6,1.1420765027322404,91.4
1610612739,Cavaliers,2003,0.427,0.433,45.6,1.4864864864864864,92.9
1610612739,Cavaliers,2004,0.512,0.447,42.3,1.6258992805755397,96.5
1610612739,Cavaliers,2005,0.61,0.454,42.3,1.3669064748201438,97.6
1610612739,Cavaliers,2006,0.61,0.447,43.5,1.4444444444444444,96.8
1610612739,Cavaliers,2007,0.549,0.439,44.6,1.4285714285714286,96.4
1610612739,Cavaliers,2008,0.805,0.468,42.2,1.5984251968503937,100.3
1610612739,Cavaliers,2009,0.744,0.485,42.5,1.6115107913669062,102.1
1610612739,Cavaliers,2010,0.232,0.434,40.3,1.4788732394366197,95.5
1610612739,Cavaliers,2011,0.318,0.422,42.3,1.2857142857142858,93.0
1610612739,Cavaliers,2012,0.293,0.434,41.0,1.4785714285714284,96.5
1610612739,Cavaliers,2013,0.402,0.437,44.1,1.4929577464788732,98.2
1610612739,Cavaliers,2014,0.646,0.458,43.0,1.5454545454545454,103.1
1610612739,Cavaliers,2015,0.695,0.46,44.5,1.6691176470588236,104.3
1610612739,Cavaliers,2016,0.622,0.47,43.7,1.6569343065693432,110.3
1610612739,Cavaliers,2017,0.61,0.476,42.1,1.7080291970802919,110.9
1610612739,Cavaliers,2018,0.232,0.444,42.7,1.5333333333333332,104.5
1610612739,Cavaliers,2019,0.292,0.458,44.2,1.4000000000000001,106.9
1610612739,Cavaliers,2020,0.306,0.45,42.8,1.535483870967742,103.8
1610612739,Cavaliers,2021,0.537,0.469,44.2,1.75,107.8
1610612739,Cavaliers,2022,0.622,0.488,41.1,1.8721804511278193,112.3
1610612739,Cavaliers,2023,0.619,0.479,45.0,1.9280575539568345,114.0
1610612744,Warriors,1982,0.366,0.483,43.5,1.2244897959183672,108.6
1610612744,Warriors,1983,0.451,0.467,43.4,1.2108108108108107,109.9
1610612744,Warriors,1984,0.268,0.463,42.3,1.2078651685393258,110.4
1610612744,Warriors,1985,0.366,0.482,44.1,1.4385964912280702,113.4
1610612744,Warriors,1986,0.512,0.479,43.2,1.5393939393939393,112.0
1610612744,Warriors,1987,0.244,0.468,41.4,1.4411764705882353,107.0
1610612744,Warriors,1988,0.524,0.468,47.4,1.3535911602209945,116.6
1610612744,Warriors,1989,0.451,0.484,40.2,1.393063583815029,116.3
1610612744,Warriors,1990,0.537,0.485,41.7,1.433734939759036,116.6
1610612744,Warriors,1991,0.671,0.507,42.8,1.5272727272727273,118.7
1610612744,Warriors,1992,0.415,0.482,43.9,1.384180790960452,109.9
1610612744,Warriors,1993,0.61,0.492,43.6,1.5314285714285714,107.9
1610612744,Warriors,1994,0.317,0.468,42.3,1.3442622950819672,105.7
1610612744,Warriors,1995,0.439,0.456,42.2,1.402439024390244,101.6
1610612744,Warriors,1996,0.366,0.456,40.8,1.2906976744186047,99.6
1610612744,Warriors,1997,0.232,0.413,45.9,1.2455089820359282,88.3
1610612744,Warriors,1998,0.42,0.415,47.5,1.344155844155844,88.3
1610612744,Warriors,1999,0.232,0.42,45.6,1.4213836477987423,95.5
1610612744,Warriors,2000,0.207,0.409,45.5,1.371069182389937,92.5
1610612744,Warriors,2001,0.256,0.429,46.7,1.2380952380952381,97.7
1610612744,Warriors,2002,0.463,0.441,46.7,1.3227848101265822,102.4
1610612744,Warriors,2003,0.451,0.442,43.1,1.385135135135135,93.3
1610612744,Warriors,2004,0.415,0.43,42.7,1.6250000000000002,98.7
1610612744,Warriors,2005,0.415,0.433,42.3,1.4680851063829787,98.5
1610612744,Warriors,2006,0.512,0.463,41.4,1.4875,106.5
1610612744,Warriors,2007,0.585,0.459,43.2,1.696969696969697,111.0
1610612744,Warriors,2008,0.354,0.458,42.0,1.4315068493150684,108.6
1610612744,Warriors,2009,0.317,0.469,38.4,1.5238095238095237,108.8
1610612744,Warriors,2010,0.439,0.461,40.5,1.5410958904109588,103.4
1610612744,Warriors,2011,0.348,0.457,39.2,1.60431654676259,97.8
1610612744,Warriors,2012,0.573,0.458,45.0,1.490066225165563,101.2
1610612744,Warriors,2013,0.622,0.462,45.3,1.5328947368421053,104.3
1610612744,Warriors,2014,0.817,0.478,44.7,1.889655172413793,110.0
1610612744,Warriors,2015,0.89,0.487,46.2,1.9013157894736843,114.9
1610612744,Warriors,2016,0.817,0.495,44.4,2.054054054054054,115.9
1610612744,Warriors,2017,0.707,0.503,43.5,1.9025974025974026,113.5
1610612744,Warriors,2018,0.695,0.491,46.2,2.055944055944056,117.7
1610612744,Warriors,2019,0.231,0.438,42.8,1.7181208053691275,106.3
1610612744,Warriors,2020,0.542,0.468,43.0,1.8466666666666667,113.7
1610612744,Warriors,2021,0.646,0.469,45.5,1.818791946308725,111.0
1610612744,Warriors,2022,0.537,0.479,44.6,1.8282208588957054,118.9
1610612744,Warriors,2023,0.463,0.467,46.1,1.9379310344827587,117.6
1610612759,Spurs,1982,0.646,0.504,46.7,1.5081967213114755,114.3
1610612759,Spurs,1983,0.451,0.506,45.8,1.6363636363636362,120.3
1610612759,Spurs,1984,0.5,0.513,43.9,1.5,114.8
1610612759,Spurs,1985,0.427,0.506,42.5,1.393939393939394,111.2
1610612759,Spurs,1986,0.341,0.474,44.3,1.5847953216374269,108.3
1610612759,Spurs,1987,0.378,0.49,42.9,1.653179190751445,113.6
1610612759,Spurs,1988,0.256,0.468,42.4,1.1866028708133973,105.5
1610612759,Spurs,1989,0.683,0.484,44.4,1.4502923976608186,106.3
1610612759,Spurs,1990,0.671,0.488,46.2,1.4829545454545454,107.1
1610612759,Spurs,1991,0.573,0.476,46.1,1.53125,104.0
1610612759,Spurs,1992,0.598,0.49,42.2,1.6333333333333333,105.5
1610612759,Spurs,1993,0.671,0.475,46.2,1.582191780821918,100.0
1610612759,Spurs,1994,0.756,0.484,45.0,1.5394736842105263,106.6
1610612759,Spurs,1995,0.72,0.477,43.0,1.7054794520547945,103.4
1610612759,Spurs,1996,0.244,0.442,39.4,1.335526315789474,90.5
1610612759,Spurs,1997,0.683,0.468,44.2,1.3913043478260867,92.5
1610612759,Spurs,1998,0.74,0.456,44.0,1.4473684210526316,92.8
1610612759,Spurs,1999,0.646,0.462,43.8,1.48,96.2
1610612759,Spurs,2000,0.707,0.461,44.1,1.55,96.2
1610612759,Spurs,2001,0.707,0.458,42.4,1.3888888888888888,96.7
1610612759,Spurs,2002,0.732,0.462,42.6,1.2658227848101264,95.8
1610612759,Spurs,2003,0.695,0.442,45.1,1.3877551020408163,91.5
1610612759,Spurs,2004,0.72,0.453,42.4,1.5766423357664237,96.2
1610612759,Spurs,2005,0.768,0.472,41.5,1.5255474452554745,95.6
1610612759,Spurs,2006,0.707,0.474,40.7,1.589928057553957,98.5
1610612759,Spurs,2007,0.683,0.457,41.3,1.6666666666666667,95.4
1610612759,Spurs,2008,0.659,0.466,41.0,1.811965811965812,97.0
1610612759,Spurs,2009,0.61,0.473,42.8,1.6397058823529413,101.4
1610612759,Spurs,2010,0.744,0.475,41.9,1.671641791044776,103.7
1610612759,Spurs,2011,0.758,0.478,43.0,1.7058823529411764,103.7
1610612759,Spurs,2012,0.707,0.481,41.3,1.707482993197279,103.0
1610612759,Spurs,2013,0.756,0.486,43.3,1.75,105.4
1610612759,Spurs,2014,0.671,0.468,43.6,1.7428571428571427,103.2
1610612759,Spurs,2015,0.817,0.484,43.9,1.870229007633588,103.5
1610612759,Spurs,2016,0.744,0.469,43.9,1.7761194029850746,105.3
1610612759,Spurs,2017,0.573,0.457,44.2,1.7404580152671756,102.7
1610612759,Spurs,2018,0.585,0.478,44.7,2.024793388429752,111.7
1610612759,Spurs,2019,0.451,0.472,44.6,1.9603174603174602,114.1
1610612759,Spurs,2020,0.458,0.462,43.9,2.1403508771929824,111.1
1610612759,Spurs,2021,0.415,0.467,45.3,2.1968503937007875,113.2
1610612759,Spurs,2022,0.268,0.465,43.7,1.7777777777777777,113.0
1610612759,Spurs,2023,0.182,0.461,42.9,2.0068493150684934,112.8
1610612761,Raptors,1995,0.256,0.467,40.0,1.25,97.5
1610612761,Raptors,1996,0.366,0.437,41.3,1.274390243902439,95.5
1610612761,Raptors,1997,0.195,0.435,40.7,1.2754491017964074,94.9
1610612761,Raptors,1998,0.46,0.421,43.2,1.29375,91.1
1610612761,Raptors,1999,0.549,0.433,43.3,1.7050359712230214,97.2
1610612761,Raptors,2000,0.573,0.437,44.5,1.8484848484848484,97.6
1610612761,Raptors,2001,0.512,0.434,42.1,1.5174825174825173,91.4
1610612761,Raptors,2002,0.293,0.427,41.2,1.340277777777778,90.9
1610612761,Raptors,2003,0.402,0.418,39.6,1.352112676056338,85.4
1610612761,Raptors,2004,0.402,0.444,40.1,1.5338345864661653,99.7
1610612761,Raptors,2005,0.329,0.454,38.5,1.4809160305343512,101.1
1610612761,Raptors,2006,0.573,0.463,39.5,1.6444444444444444,99.5
1610612761,Raptors,2007,0.5,0.468,40.1,2.0341880341880345,100.2
1610612761,Raptors,2008,0.402,0.458,40.4,1.671641791044776,99.0
1610612761,Raptors,2009,0.488,0.482,40.4,1.6417910447761193,104.1
1610612761,Raptors,2010,0.268,0.465,40.3,1.4897959183673468,99.1
1610612761,Raptors,2011,0.348,0.44,42.0,1.375,90.7
1610612761,Raptors,2012,0.415,0.446,40.2,1.5693430656934306,97.2
1610612761,Raptors,2013,0.585,0.445,42.5,1.50354609929078,101.3
1610612761,Raptors,2014,0.598,0.455,41.5,1.6046511627906976,104.0
1610612761,Raptors,2015,0.683,0.451,43.4,1.4274809160305344,102.7
1610612761,Raptors,2016,0.622,0.464,43.3,1.4566929133858268,106.9
1610612761,Raptors,2017,0.72,0.472,44.0,1.8134328358208955,111.7
1610612761,Raptors,2018,0.707,0.474,45.2,1.8142857142857143,114.4
1610612761,Raptors,2019,0.736,0.458,45.4,1.7027027027027026,112.8
1610612761,Raptors,2020,0.375,0.448,41.6,1.825757575757576,111.3
1610612761,Raptors,2021,0.585,0.445,45.3,1.768,109.4
1610612761,Raptors,2022,0.5,0.459,43.0,2.0427350427350426,112.9
1610612761,Raptors,2023,0.364,0.48,43.6,2.225563909774436,114.3
1610612748,Heat,1988,0.183,0.453,42.9,1.1327014218009477,97.8
1610612748,Heat,1989,0.22,0.461,43.4,1.2578947368421052,100.6
1610612748,Heat,1990,0.293,0.459,43.1,1.2275132275132277,101.8
1610612748,Heat,1991,0.463,0.461,43.3,1.2678571428571428,105.0
1610612748,Heat,1992,0.439,0.456,42.9,1.3121019108280256,103.6
1610612748,Heat,1993,0.512,0.464,44.4,1.4125,103.4
1610612748,Heat,1994,0.39,0.467,41.0,1.3821656050955413,101.1
1610612748,Heat,1995,0.512,0.457,42.6,1.2588235294117647,96.5
1610612748,Heat,1996,0.744,0.453,41.0,1.3333333333333333,94.8
1610612748,Heat,1997,0.671,0.45,42.0,1.4266666666666665,95.0
1610612748,Heat,1998,0.66,0.453,40.3,1.3691275167785233,89.0
1610612748,Heat,1999,0.634,0.46,43.2,1.5666666666666667,94.4
1610612748,Heat,2000,0.61,0.43,39.6,1.4525547445255473,88.9
1610612748,Heat,2001,0.439,0.439,42.0,1.3716216216216217,87.2
1610612748,Heat,2002,0.305,0.412,41.6,1.2887323943661972,85.6
1610612748,Heat,2003,0.512,0.425,41.5,1.3741007194244605,90.3
1610612748,Heat,2004,0.72,0.486,43.0,1.5912408759124088,101.5
1610612748,Heat,2005,0.634,0.478,43.1,1.420689655172414,99.9
1610612748,Heat,2006,0.537,0.464,40.8,1.404109589041096,94.6
1610612748,Heat,2007,0.183,0.443,37.6,1.3605442176870748,91.4
1610612748,Heat,2008,0.524,0.457,39.5,1.632,98.3
1610612748,Heat,2009,0.573,0.458,41.8,1.4318181818181819,96.5
1610612748,Heat,2010,0.707,0.481,42.1,1.4388489208633093,102.1
1610612748,Heat,2011,0.697,0.469,41.6,1.3157894736842106,98.5
1610612748,Heat,2012,0.805,0.496,38.6,1.6546762589928057,102.9
1610612748,Heat,2013,0.659,0.501,36.9,1.5202702702702702,102.2
1610612748,Heat,2014,0.451,0.456,39.1,1.3378378378378377,94.7
1610612748,Heat,2015,0.585,0.47,44.1,1.4751773049645391,100.0
1610612748,Heat,2016,0.5,0.455,43.6,1.5820895522388059,103.2
1610612748,Heat,2017,0.537,0.455,43.5,1.5763888888888888,103.4
1610612748,Heat,2018,0.476,0.45,46.3,1.653061224489796,105.7
1610612748,Heat,2019,0.603,0.468,44.4,1.7382550335570468,112.0
1610612748,Heat,2020,0.556,0.468,41.5,1.8652482269503547,108.1
1610612748,Heat,2021,0.646,0.467,43.7,1.7465753424657535,110.0
1610612748,Heat,2022,0.537,0.46,40.6,1.762962962962963,109.5
1610612748,Heat,2023,0.545,0.463,41.6,1.8823529411764708,110.5
1610612760,SuperSonics,1982,0.585,0.494,45.4,1.486631016042781,110.0
1610612760,SuperSonics,1983,0.512,0.488,41.4,1.6385542168674696,108.1
1610612760,SuperSonics,1984,0.378,0.474,40.3,1.4615384615384617,102.1
1610612760,SuperSonics,1985,0.378,0.472,41.5,1.3771428571428572,104.4
1610612760,SuperSonics,1986,0.476,0.482,46.0,1.4456521739130437,113.7
1610612760,SuperSonics,1987,0.537,0.476,44.2,1.5595238095238093,111.4
1610612760,SuperSonics,1988,0.573,0.477,44.3,1.4853801169590641,112.1
1610612760,SuperSonics,1989,0.5,0.479,43.6,1.4049079754601226,106.9
1610612760,SuperSonics,1990,0.5,0.492,41.4,1.4561403508771928,106.6
1610612760,SuperSonics,1991,0.573,0.474,43.2,1.4223602484472047,106.5
1610612760,SuperSonics,1992,0.671,0.486,42.4,1.4967741935483871,108.3
1610612760,SuperSonics,1993,0.768,0.484,41.2,1.6753246753246753,105.9
1610612760,SuperSonics,1994,0.695,0.491,41.5,1.6329113924050633,110.4
1610612760,SuperSonics,1995,0.78,0.48,41.5,1.3863636363636362,104.5
1610612760,SuperSonics,1996,0.695,0.467,40.0,1.5666666666666667,100.9
1610612760,SuperSonics,1997,0.744,0.473,38.5,1.7285714285714284,100.6
1610612760,SuperSonics,1998,0.5,0.442,42.0,1.418300653594771,94.9
1610612760,SuperSonics,1999,0.549,0.447,43.0,1.6357142857142857,99.1
1610612760,SuperSonics,2000,0.537,0.456,41.7,1.4313725490196076,97.3
1610612760,SuperSonics,2001,0.549,0.469,40.3,1.7153284671532847,97.7
1610612760,SuperSonics,2002,0.488,0.437,40.8,1.6363636363636365,92.1
1610612760,SuperSonics,2003,0.451,0.446,39.3,1.496551724137931,97.1
1610612760,SuperSonics,2004,0.634,0.444,40.9,1.3308823529411766,98.9
1610612760,SuperSonics,2005,0.427,0.459,39.6,1.4081632653061225,102.6
1610612760,SuperSonics,2006,0.378,0.46,39.6,1.335483870967742,99.1
1610612760,SuperSonics,2007,0.244,0.444,44.6,1.33125,97.5
1610612760,Thunder,2008,0.28,0.447,42.6,1.2530864197530864,97.0
1610612760,Thunder,2009,0.61,0.462,43.5,1.3333333333333333,101.5
1610612760,Thunder,2010,0.671,0.464,42.8,1.4468085106382977,104.8
1610612760,Thunder,2011,0.712,0.471,43.7,1.1349693251533741,103.1
1610612760,Thunder,2012,0.732,0.481,43.6,1.3986928104575163,105.7
1610612760,Thunder,2013,0.72,0.471,44.7,1.4313725490196076,106.2
1610612760,Thunder,2014,0.549,0.447,47.5,1.3945578231292517,104.0
1610612760,Thunder,2015,0.671,0.476,48.6,1.4465408805031446,110.2
1610612760,Thunder,2016,0.573,0.452,46.6,1.4,106.6
1610612760,Thunder,2017,0.585,0.453,45.1,1.5214285714285716,107.9
1610612760,Thunder,2018,0.598,0.454,48.1,1.6714285714285713,114.5
1610612760,Thunder,2019,0.611,0.468,42.9,1.583941605839416,110.4
1610612760,Thunder,2020,0.306,0.441,45.6,1.3726708074534162,105.0
1610612760,Thunder,2021,0.293,0.43,45.6,1.5857142857142856,103.7
1610612760,Thunder,2022,0.488,0.465,43.6,1.876923076923077,117.5
1610612760,Thunder,2023,0.705,0.505,41.1,2.182539682539683,121.9
1610612737,Hawks,1982,0.524,0.469,43.6,1.3620689655172415,101.6
1610612737,Hawks,1983,0.488,0.474,40.8,1.3765432098765433,101.5
1610612737,Hawks,1984,0.415,0.484,42.8,1.3611111111111112,106.6
1610612737,Hawks,1985,0.61,0.49,44.6,1.3646408839779005,108.6
1610612737,Hawks,1986,0.695,0.481,46.7,1.6217948717948718,110.0
1610612737,Hawks,1987,0.61,0.485,44.0,1.6845637583892619,107.9
1610612737,Hawks,1988,0.634,0.472,45.0,1.51875,111.0
1610612737,Hawks,1989,0.5,0.487,42.2,1.432258064516129,108.5
1610612737,Hawks,1990,0.524,0.464,44.6,1.5133333333333332,109.8
1610612737,Hawks,1991,0.463,0.467,46.2,1.6928104575163396,106.2
1610612737,Hawks,1992,0.524,0.466,44.3,1.558282208588957,107.5
1610612737,Hawks,1993,0.695,0.461,44.8,1.6405228758169934,101.4
1610612737,Hawks,1994,0.512,0.447,41.2,1.436241610738255,96.6
1610612737,Hawks,1995,0.561,0.448,40.6,1.3066666666666669,98.3
1610612737,Hawks,1996,0.683,0.446,41.1,1.2666666666666666,94.8
1610612737,Hawks,1997,0.61,0.455,43.0,1.2905405405405406,95.9
1610612737,Hawks,1998,0.62,0.409,43.5,1.0469798657718121,86.3
1610612737,Hawks,1999,0.341,0.441,45.3,1.227272727272727,94.3
1610612737,Hawks,2000,0.305,0.431,42.9,1.1377245508982037,91.0
1610612737,Hawks,2001,0.402,0.439,41.5,1.303225806451613,94.0
1610612737,Hawks,2002,0.427,0.444,42.6,1.2275449101796407,94.1
1610612737,Hawks,2003,0.341,0.433,42.7,1.2181818181818183,92.8
1610612737,Hawks,2004,0.159,0.441,41.9,1.2236024844720494,92.7
1610612737,Hawks,2005,0.317,0.454,40.3,1.2611464968152868,97.2
1610612737,Hawks,2006,0.366,0.444,40.1,1.2075471698113207,93.7
1610612737,Hawks,2007,0.451,0.454,42.2,1.4765100671140938,98.2
1610612737,Hawks,2008,0.573,0.458,40.0,1.5781249999999998,98.1
1610612737,Hawks,2009,0.646,0.468,41.7,1.8166666666666667,101.7
1610612737,Hawks,2010,0.537,0.462,39.3,1.6176470588235294,95.0
1610612737,Hawks,2011,0.606,0.454,41.2,1.5999999999999999,96.6
1610612737,Hawks,2012,0.537,0.464,40.9,1.6442953020134228,98.0
1610612737,Hawks,2013,0.463,0.458,40.0,1.6274509803921566,101.0
1610612737,Hawks,2014,0.732,0.466,40.6,1.8098591549295775,102.5
1610612737,Hawks,2015,0.585,0.458,42.1,1.7066666666666668,102.8
1610612737,Hawks,2016,0.524,0.451,44.3,1.4936708860759493,103.2
1610612737,Hawks,2017,0.293,0.446,41.9,1.5290322580645161,103.4
1610612737,Hawks,2018,0.354,0.451,46.1,1.5176470588235293,113.3
1610612737,Hawks,2019,0.299,0.449,43.3,1.4814814814814816,111.8
1610612737,Hawks,2020,0.569,0.468,45.6,1.825757575757576,113.7
1610612737,Hawks,2021,0.524,0.47,44.0,2.0672268907563027,113.9
1610612737,Hawks,2022,0.5,0.483,44.4,1.937984496124031,118.4
1610612737,Hawks,2023,0.409,0.462,44.9,1.8214285714285714,119.6
1610612746,Clippers,1982,0.305,0.475,42.7,1.3076923076923077,108.6
1610612746,Clippers,1983,0.366,0.496,45.0,1.308108108108108,110.7
1610612746,Clippers,1984,0.378,0.495,43.9,1.2164948453608249,107.1
1610612746,Clippers,1985,0.39,0.473,41.7,1.3114754098360655,108.6
1610612746,Clippers,1986,0.146,0.452,41.1,1.3186813186813187,104.5
1610612746,Clippers,1987,0.207,0.443,43.2,1.2299465240641712,98.8
1610612746,Clippers,1988,0.256,0.475,43.2,1.3251231527093594,106.2
1610612746,Clippers,1989,0.366,0.484,41.7,1.2751322751322753,103.8
1610612746,Clippers,1990,0.378,0.464,45.7,1.4742857142857144,103.5
1610612746,Clippers,1991,0.549,0.473,43.0,1.6129032258064515,102.9
1610612746,Clippers,1992,0.5,0.484,43.2,1.674846625766871,107.1
1610612746,Clippers,1993,0.329,0.467,43.0,1.4722222222222223,103.0
1610612746,Clippers,1994,0.207,0.444,38.3,1.3496932515337423,96.7
1610612746,Clippers,1995,0.354,0.472,38.6,1.2363636363636363,99.4
1610612746,Clippers,1996,0.439,0.446,40.7,1.26875,97.2
1610612746,Clippers,1997,0.207,0.438,40.4,1.1614906832298135,95.9
1610612746,Clippers,1998,0.18,0.427,39.2,1.0314465408805031,90.4
1610612746,Clippers,1999,0.183,0.426,40.6,1.1111111111111112,92.0
1610612746,Clippers,2000,0.378,0.448,42.9,1.2215189873417722,92.5
1610612746,Clippers,2001,0.476,0.445,43.4,1.412162162162162,95.7
1610612746,Clippers,2002,0.329,0.437,42.3,1.248407643312102,93.8
1610612746,Clippers,2003,0.341,0.428,43.5,1.2317073170731707,94.8
1610612746,Clippers,2004,0.451,0.459,41.9,1.4777070063694269,95.7
1610612746,Clippers,2005,0.573,0.465,43.1,1.4344827586206896,97.2
1610612746,Clippers,2006,0.488,0.456,41.1,1.423841059602649,95.6
1610612746,Clippers,2007,0.28,0.438,40.1,1.465277777777778,93.8
1610612746,Clippers,2008,0.232,0.441,39.8,1.4093959731543624,95.1
1610612746,Clippers,2009,0.354,0.455,41.8,1.407643312101911,95.7
1610612746,Clippers,2010,0.39,0.457,42.1,1.3475609756097564,98.6
1610612746,Clippers,2011,0.606,0.455,41.6,1.5789473684210527,97.5
1610612746,Clippers,2012,0.683,0.478,41.6,1.636986301369863,101.1
1610612746,Clippers,2013,0.695,0.474,43.0,1.7697841726618706,107.9
1610612746,Clippers,2014,0.683,0.473,42.6,2.016260162601626,106.7
1610612746,Clippers,2015,0.646,0.465,42.0,1.7538461538461538,104.5
1610612746,Clippers,2016,0.622,0.475,43.0,1.7307692307692308,108.7
1610612746,Clippers,2017,0.512,0.471,43.9,1.5170068027210886,109.0
1610612746,Clippers,2018,0.585,0.471,45.5,1.6551724137931034,115.1
1610612746,Clippers,2019,0.681,0.466,47.7,1.6232876712328768,116.3
1610612746,Clippers,2020,0.653,0.482,44.2,1.8484848484848484,114.0
1610612746,Clippers,2021,0.512,0.458,44.0,1.7518248175182483,108.4
1610612746,Clippers,2022,0.537,0.477,43.2,1.6830985915492958,113.6
1610612746,Clippers,2023,0.667,0.496,43.0,1.9696969696969697,118.0
1610612738,Celtics,1982,0.683,0.492,46.4,1.4361702127659575,112.1
1610612738,Celtics,1983,0.756,0.5,45.1,1.4971098265895952,112.1
1610612738,Celtics,1984,0.768,0.508,45.7,1.7222222222222223,114.8
1610612738,Celtics,1985,0.817,0.508,46.4,1.7530120481927711,114.1
1610612738,Celtics,1986,0.72,0.517,42.9,1.8553459119496856,112.6
1610612738,Celtics,1987,0.695,0.521,41.1,1.8805031446540879,113.6
1610612738,Celtics,1988,0.512,0.493,44.2,1.6380368098159508,109.2
1610612738,Celtics,1989,0.634,0.498,46.0,1.9281045751633985,110.0
1610612738,Celtics,1990,0.683,0.512,46.2,1.6335403726708073,111.5
1610612738,Celtics,1991,0.622,0.492,44.9,1.7816901408450705,106.6
1610612738,Celtics,1992,0.585,0.487,42.8,1.706293706293706,103.7
1610612738,Celtics,1993,0.39,0.472,41.7,1.5562913907284768,100.8
1610612738,Celtics,1994,0.427,0.464,42.4,1.3647798742138364,102.8
1610612738,Celtics,1995,0.402,0.456,42.4,1.3773584905660377,103.6
1610612738,Celtics,1996,0.183,0.44,40.0,1.3353658536585367,100.6
1610612738,Celtics,1997,0.439,0.434,39.5,1.3641975308641976,95.9
1610612738,Celtics,1998,0.38,0.436,42.8,1.3354037267080745,93.0
1610612738,Celtics,1999,0.427,0.444,43.0,1.3766233766233766,99.3
1610612738,Celtics,2000,0.439,0.428,39.8,1.3248407643312103,94.6
1610612738,Celtics,2001,0.598,0.424,42.2,1.5441176470588236,96.4
1610612738,Celtics,2002,0.537,0.415,40.5,1.3714285714285714,92.7
1610612738,Celtics,2003,0.439,0.443,40.1,1.2654320987654322,95.3
1610612738,Celtics,2004,0.549,0.468,40.8,1.39873417721519,101.3
1610612738,Celtics,2005,0.402,0.467,39.6,1.2590361445783131,98.0
1610612738,Celtics,2006,0.293,0.443,40.4,1.206060606060606,95.8
1610612738,Celtics,2007,0.805,0.475,42.0,1.4736842105263157,100.5
1610612738,Celtics,2008,0.756,0.486,42.1,1.455128205128205,100.9
1610612738,Celtics,2009,0.61,0.483,38.6,1.5771812080536913,99.2
1610612738,Celtics,2010,0.683,0.486,38.8,1.6027397260273972,96.5
1610612738,Celtics,2011,0.591,0.46,38.8,1.5945945945945945,91.8
1610612738,Celtics,2012,0.506,0.465,39.3,1.5616438356164384,96.5
1610612738,Celtics,2013,0.305,0.435,42.5,1.3636363636363635,96.2
1610612738,Celtics,2014,0.488,0.443,43.8,1.7753623188405796,101.4
1610612738,Celtics,2015,0.585,0.439,44.9,1.7664233576642336,105.7
1610612738,Celtics,2016,0.646,0.454,42.0,1.894736842105263,108.0
1610612738,Celtics,2017,0.671,0.45,44.5,1.6071428571428572,104.0
1610612738,Celtics,2018,0.598,0.465,44.5,2.0546875,112.4
1610612738,Celtics,2019,0.667,0.461,46.1,1.6666666666666665,113.7
1610612738,Celtics,2020,0.5,0.466,44.3,1.6666666666666667,112.6
1610612738,Celtics,2021,0.622,0.466,46.1,1.823529411764706,111.8
1610612738,Celtics,2022,0.695,0.475,45.3,1.9925373134328357,117.9
1610612738,Celtics,2023,0.773,0.475,47.4,2.0157480314960634,120.3
1610612757,Trail Blazers,1982,0.561,0.486,43.4,1.3626373626373627,107.4
1610612757,Trail Blazers,1983,0.585,0.505,42.0,1.4033149171270716,113.1
1610612757,Trail Blazers,1984,0.512,0.503,42.7,1.4972375690607735,115.5
1610612757,Trail Blazers,1985,0.488,0.496,42.3,1.4301075268817205,115.1
1610612757,Trail Blazers,1986,0.598,0.504,43.8,1.523809523809524,117.9
1610612757,Trail Blazers,1987,0.646,0.491,45.6,1.7030303030303031,116.1
1610612757,Trail Blazers,1988,0.476,0.474,45.9,1.542857142857143,114.6
1610612757,Trail Blazers,1989,0.72,0.473,47.6,1.5393939393939393,114.2
1610612757,Trail Blazers,1990,0.768,0.485,45.9,1.71875,114.7
1610612757,Trail Blazers,1991,0.695,0.473,46.9,1.5555555555555556,111.4
1610612757,Trail Blazers,1992,0.622,0.458,45.5,1.6216216216216215,108.5
1610612757,Trail Blazers,1993,0.573,0.454,45.9,1.7027027027027026,107.3
1610612757,Trail Blazers,1994,0.537,0.451,46.3,1.5202702702702702,103.1
1610612757,Trail Blazers,1995,0.537,0.458,45.6,1.2797619047619047,99.3
1610612757,Trail Blazers,1996,0.598,0.464,43.3,1.2666666666666666,99.0
1610612757,Trail Blazers,1997,0.561,0.451,44.0,1.272189349112426,94.3
1610612757,Trail Blazers,1998,0.7,0.442,44.3,1.396103896103896,94.8
1610612757,Trail Blazers,1999,0.72,0.47,43.0,1.5460526315789473,97.5
1610612757,Trail Blazers,2000,0.61,0.468,42.0,1.5620915032679736,95.4
1610612757,Trail Blazers,2001,0.598,0.45,43.0,1.6433566433566433,96.6
1610612757,Trail Blazers,2002,0.61,0.46,41.1,1.493421052631579,95.2
1610612757,Trail Blazers,2003,0.5,0.448,41.7,1.4594594594594594,90.7
1610612757,Trail Blazers,2004,0.329,0.451,41.1,1.3125,92.9
1610612757,Trail Blazers,2005,0.256,0.445,37.7,1.2380952380952381,88.8
1610612757,Trail Blazers,2006,0.39,0.45,39.3,1.2251655629139073,94.1
1610612757,Trail Blazers,2007,0.5,0.448,40.7,1.6356589147286822,95.4
1610612757,Trail Blazers,2008,0.659,0.465,41.7,1.573643410852713,99.4
1610612757,Trail Blazers,2009,0.61,0.461,40.2,1.6585365853658534,98.1
1610612757,Trail Blazers,2010,0.585,0.447,39.3,1.6307692307692307,96.3
1610612757,Trail Blazers,2011,0.424,0.443,40.7,1.436619718309859,97.2
1610612757,Trail Blazers,2012,0.402,0.448,40.8,1.4829931972789117,97.5
1610612757,Trail Blazers,2013,0.659,0.45,46.4,1.6934306569343065,106.7
1610612757,Trail Blazers,2014,0.622,0.45,45.9,1.6102941176470587,102.8
1610612757,Trail Blazers,2015,0.537,0.45,45.5,1.4589041095890412,105.1
1610612757,Trail Blazers,2016,0.5,0.459,43.7,1.54014598540146,107.9
1610612757,Trail Blazers,2017,0.598,0.452,45.5,1.4444444444444444,105.6
1610612757,Trail Blazers,2018,0.646,0.467,48.0,1.6666666666666665,114.7
1610612757,Trail Blazers,2019,0.473,0.463,45.3,1.609375,115.0
1610612757,Trail Blazers,2020,0.583,0.453,44.5,1.918918918918919,116.1
1610612757,Trail Blazers,2021,0.329,0.442,42.9,1.579310344827586,106.2
1610612757,Trail Blazers,2022,0.402,0.474,40.5,1.6689655172413793,113.4
1610612757,Trail Blazers,2023,0.295,0.436,41.7,1.490066225165563,108.3
1610612742,Mavericks,1982,0.463,0.487,44.8,1.6585365853658538,112.7
1610612742,Mavericks,1983,0.524,0.5,40.9,1.660377358490566,110.4
1610612742,Mavericks,1984,0.537,0.489,42.0,1.8194444444444444,111.2
1610612742,Mavericks,1985,0.537,0.501,42.8,1.6369426751592357,115.3
1610612742,Mavericks,1986,0.671,0.487,45.3,1.6734693877551021,116.7
1610612742,Mavericks,1987,0.646,0.475,46.8,1.5816993464052287,109.3
1610612742,Mavericks,1988,0.463,0.469,42.0,1.52,103.5
1610612742,Mavericks,1989,0.573,0.475,42.2,1.4466666666666665,102.2
1610612742,Mavericks,1990,0.341,0.471,40.8,1.5310344827586206,99.9
1610612742,Mavericks,1991,0.268,0.439,44.3,1.3537414965986394,97.6
1610612742,Mavericks,1992,0.134,0.435,42.7,1.151685393258427,99.3
1610612742,Mavericks,1993,0.159,0.432,41.7,1.1705882352941175,95.1
1610612742,Mavericks,1994,0.439,0.44,48.1,1.4451219512195124,103.2
1610612742,Mavericks,1995,0.317,0.42,46.2,1.5032258064516129,102.5
1610612742,Mavericks,1996,0.293,0.436,40.3,1.2608695652173911,90.6
1610612742,Mavericks,1997,0.244,0.427,40.1,1.298611111111111,91.4
1610612742,Mavericks,1998,0.38,0.434,42.5,1.3333333333333333,91.6
1610612742,Mavericks,1999,0.488,0.453,41.2,1.613138686131387,101.4
1610612742,Mavericks,2000,0.646,0.459,41.5,1.5251798561151078,100.5
1610612742,Mavericks,2001,0.695,0.462,42.5,1.8264462809917357,105.2
1610612742,Mavericks,2002,0.732,0.453,42.1,1.9310344827586206,103.0
1610612742,Mavericks,2003,0.634,0.459,45.3,1.959016393442623,105.2
1610612742,Mavericks,2004,0.707,0.457,42.9,1.462686567164179,102.5
1610612742,Mavericks,2005,0.732,0.462,42.2,1.3235294117647058,99.1
1610612742,Mavericks,2006,0.817,0.467,41.9,1.4316546762589926,100.0
1610612742,Mavericks,2007,0.622,0.464,43.0,1.6666666666666667,100.4
1610612742,Mavericks,2008,0.61,0.462,42.7,1.7086614173228347,101.7
1610612742,Mavericks,2009,0.671,0.464,41.7,1.813953488372093,102.0
1610612742,Mavericks,2010,0.695,0.475,41.4,1.7,100.2
1610612742,Mavericks,2011,0.545,0.443,42.8,1.4928571428571427,95.8
1610612742,Mavericks,2012,0.5,0.462,41.9,1.657142857142857,101.1
1610612742,Mavericks,2013,0.598,0.474,40.9,1.7481481481481482,104.8
1610612742,Mavericks,2014,0.61,0.463,42.3,1.7307692307692308,105.2
1610612742,Mavericks,2015,0.512,0.444,43.1,1.7265625,102.3
1610612742,Mavericks,2016,0.402,0.44,38.6,1.7478991596638656,97.9
1610612742,Mavericks,2017,0.293,0.444,41.3,1.8455284552845528,102.3
1610612742,Mavericks,2018,0.402,0.447,45.3,1.647887323943662,108.9
1610612742,Mavericks,2019,0.573,0.461,46.9,1.9448818897637796,117.0
1610612742,Mavericks,2020,0.583,0.47,43.3,1.8925619834710743,112.4
1610612742,Mavericks,2021,0.634,0.461,43.0,1.8719999999999999,108.0
1610612742,Mavericks,2022,0.463,0.475,38.8,1.8770491803278688,114.2
1610612742,Mavericks,2023,0.545,0.471,41.8,2.0655737704918034,118.1
1610612766,Hornets,1988,0.244,0.461,40.7,1.7577639751552794,104.5
1610612766,Hornets,1989,0.232,0.455,38.7,1.6933333333333331,100.4
1610612766,Hornets,1990,0.317,0.467,39.4,1.5668789808917198,102.8
1610612766,Hornets,1991,0.378,0.477,43.1,1.7999999999999998,109.5
1610612766,Hornets,1992,0.537,0.487,43.9,1.6296296296296295,110.1
1610612766,Hornets,1993,0.5,0.476,42.6,1.7532467532467533,106.5
1610612766,Hornets,1994,0.61,0.474,39.4,1.6979865771812082,100.6
1610612766,Hornets,1995,0.5,0.47,39.5,1.5430463576158941,102.8
1610612766,Hornets,1996,0.659,0.471,39.1,1.6734693877551021,98.9
1610612766,Hornets,1997,0.622,0.468,40.6,1.5592105263157896,96.6
1610612766,Hornets,1998,0.52,0.449,39.5,1.3962264150943395,92.9
1610612766,Hornets,1999,0.598,0.449,42.9,1.6802721088435375,98.4
1610612766,Hornets,2000,0.561,0.431,44.4,1.611111111111111,91.9
1610612766,Hornets,2001,0.537,0.44,43.5,1.5357142857142858,93.9
1610612766,Bobcats,2004,0.22,0.432,41.7,1.5103448275862068,94.3
1610612766,Bobcats,2005,0.317,0.433,39.8,1.471830985915493,96.9
1610612766,Bobcats,2006,0.402,0.446,39.8,1.5033557046979864,96.9
1610612766,Bobcats,2007,0.39,0.452,40.6,1.4489795918367347,97.1
1610612766,Bobcats,2008,0.427,0.455,39.7,1.358974358974359,93.6
1610612766,Bobcats,2009,0.537,0.453,40.8,1.286624203821656,95.3
1610612766,Bobcats,2010,0.415,0.451,40.1,1.4551724137931035,93.3
1610612766,Bobcats,2011,0.106,0.414,39.0,1.3862068965517242,87.0
1610612766,Bobcats,2012,0.256,0.425,40.3,1.375886524822695,93.4
1610612766,Bobcats,2013,0.524,0.442,42.7,1.7642276422764227,96.9
1610612766,Hornets,2014,0.402,0.42,44.1,1.6974789915966386,94.2
1610612766,Hornets,2015,0.585,0.439,43.9,1.736,103.4
1610612766,Hornets,2016,0.439,0.442,43.6,2.008695652173913,104.9
1610612766,Hornets,2017,0.439,0.45,45.5,1.7007874015748035,108.2
1610612766,Hornets,2018,0.476,0.448,43.8,1.9016393442622952,110.7
1610612766,Hornets,2019,0.354,0.434,42.8,1.63013698630137,102.9
1610612766,Hornets,2020,0.458,0.455,43.8,1.8108108108108107,109.5
1610612766,Hornets,2021,0.524,0.468,44.6,2.112781954887218,115.3
1610612766,Hornets,2022,0.329,0.457,44.5,1.767605633802817,111.0
1610612766,Hornets,2023,0.238,0.459,41.5,1.7785714285714285,108.7
1610612754,Pacers,1982,0.244,0.48,43.8,1.4010695187165776,108.7
1610612754,Pacers,1983,0.317,0.483,41.5,1.4247311827956988,104.5
1610612754,Pacers,1984,0.268,0.476,46.6,1.1969696969696968,108.3
1610612754,Pacers,1985,0.317,0.481,45.7,1.4216216216216218,103.9
1610612754,Pacers,1986,0.5,0.472,43.9,1.6987179487179487,106.1
1610612754,Pacers,1987,0.463,0.48,43.1,1.4968944099378882,104.6
1610612754,Pacers,1988,0.341,0.487,43.4,1.2962962962962965,106.9
1610612754,Pacers,1989,0.512,0.497,40.6,1.5060975609756098,109.3
1610612754,Pacers,1990,0.5,0.493,41.4,1.6121212121212123,111.7
1610612754,Pacers,1991,0.488,0.494,44.5,1.7076023391812865,112.2
1610612754,Pacers,1992,0.5,0.48,44.8,1.7058823529411764,107.8
1610612754,Pacers,1993,0.573,0.486,43.2,1.4261363636363635,101.0
1610612754,Pacers,1994,0.634,0.477,40.7,1.4049079754601226,99.2
1610612754,Pacers,1995,0.634,0.48,39.9,1.4355828220858895,99.3
1610612754,Pacers,1996,0.476,0.456,41.7,1.3067484662576687,95.4
1610612754,Pacers,1997,0.707,0.469,39.3,1.619718309859155,96.0
1610612754,Pacers,1998,0.66,0.448,40.5,1.5461538461538462,94.7
1610612754,Pacers,1999,0.683,0.459,42.1,1.6028368794326242,101.3
1610612754,Pacers,2000,0.5,0.44,42.9,1.4144736842105263,92.6
1610612754,Pacers,2001,0.512,0.446,42.7,1.5131578947368423,96.8
1610612754,Pacers,2002,0.585,0.441,44.2,1.5743243243243243,96.8
1610612754,Pacers,2003,0.744,0.435,41.7,1.5,91.4
1610612754,Pacers,2004,0.537,0.432,40.1,1.2727272727272727,93.0
1610612754,Pacers,2005,0.5,0.444,42.2,1.3006535947712417,93.9
1610612754,Pacers,2006,0.427,0.438,41.8,1.2576687116564416,95.6
1610612754,Pacers,2007,0.439,0.444,43.1,1.5033112582781456,104.0
1610612754,Pacers,2008,0.439,0.455,43.7,1.4896551724137932,105.1
1610612754,Pacers,2009,0.39,0.443,41.5,1.4066666666666667,100.8
1610612754,Pacers,2010,0.451,0.442,43.5,1.2727272727272727,99.8
1610612754,Pacers,2011,0.636,0.438,43.9,1.3285714285714287,97.7
1610612754,Pacers,2012,0.605,0.436,45.9,1.3443708609271523,94.7
1610612754,Pacers,2013,0.683,0.449,44.7,1.3311258278145697,96.7
1610612754,Pacers,2014,0.463,0.439,44.9,1.5285714285714285,97.3
1610612754,Pacers,2015,0.549,0.45,44.2,1.4228187919463087,102.2
1610612754,Pacers,2016,0.512,0.465,42.0,1.6304347826086956,105.1
1610612754,Pacers,2017,0.585,0.472,42.3,1.6691729323308269,105.6
1610612754,Pacers,2018,0.585,0.475,43.0,1.8978102189781023,108.0
1610612754,Pacers,2019,0.616,0.476,42.8,1.9621212121212122,109.4
1610612754,Pacers,2020,0.472,0.474,42.7,2.0296296296296297,115.3
1610612754,Pacers,2021,0.305,0.463,43.9,1.7638888888888888,111.5
1610612754,Pacers,2022,0.427,0.469,41.5,1.8120805369127517,116.3
1610612754,Pacers,2023,0.545,0.505,40.5,2.2888888888888888,124.6
1610612763,Grizzlies,1995,0.183,0.428,38.1,1.2682926829268295,89.8
1610612763,Grizzlies,1996,0.171,0.437,38.8,1.4276729559748427,89.2
1610612763,Grizzlies,1997,0.232,0.458,41.4,1.39766081871345,96.6
1610612763,Grizzlies,1998,0.16,0.428,40.2,1.1352941176470588,88.9
1610612763,Grizzlies,1999,0.268,0.449,40.6,1.232142857142857,93.9
1610612763,Grizzlies,2000,0.28,0.439,40.5,1.4777070063694269,91.7
1610612763,Grizzlies,2001,0.28,0.436,41.4,1.329268292682927,89.9
1610612763,Grizzlies,2002,0.341,0.452,41.6,1.5,97.5
1610612763,Grizzlies,2003,0.61,0.445,41.8,1.5599999999999998,96.7
1610612763,Grizzlies,2004,0.549,0.447,39.0,1.4315068493150684,93.4
1610612763,Grizzlies,2005,0.598,0.448,39.2,1.3985507246376812,92.2
1610612763,Grizzlies,2006,0.268,0.465,39.5,1.25,101.6
1610612763,Grizzlies,2007,0.268,0.454,41.6,1.2549019607843137,100.7
1610612763,Grizzlies,2008,0.293,0.454,38.8,1.1372549019607843,93.9
1610612763,Grizzlies,2009,0.488,0.469,43.5,1.236842105263158,102.5
1610612763,Grizzlies,2010,0.561,0.471,41.0,1.4714285714285715,99.9
1610612763,Grizzlies,2011,0.621,0.447,42.0,1.3448275862068966,95.0
1610612763,Grizzlies,2012,0.683,0.444,42.7,1.4928571428571427,93.4
1610612763,Grizzlies,2013,0.61,0.464,42.4,1.5985401459854014,96.1
1610612763,Grizzlies,2014,0.671,0.458,42.6,1.631578947368421,98.3
1610612763,Grizzlies,2015,0.512,0.44,41.6,1.5563909774436089,99.1
1610612763,Grizzlies,2016,0.524,0.435,42.8,1.6511627906976745,100.5
1610612763,Grizzlies,2017,0.268,0.444,40.5,1.4333333333333333,99.3
1610612763,Grizzlies,2018,0.402,0.45,41.8,1.707142857142857,103.5
1610612763,Grizzlies,2019,0.466,0.468,46.5,1.769736842105263,112.6
1610612763,Grizzlies,2020,0.528,0.467,46.5,2.0225563909774436,113.3
1610612763,Grizzlies,2021,0.683,0.461,49.2,1.9696969696969697,115.6
1610612763,Grizzlies,2022,0.622,0.475,46.6,1.911764705882353,116.9
1610612763,Grizzlies,2023,0.386,0.439,42.3,1.693877551020408,107.8
1610612745,Rockets,1982,0.171,0.448,42.3,1.2239583333333335,99.3
1610612745,Rockets,1983,0.354,0.495,44.9,1.4157894736842105,110.6
1610612745,Rockets,1984,0.585,0.504,45.4,1.3928571428571428,111.2
1610612745,Rockets,1985,0.622,0.49,45.7,1.6845238095238095,114.4
1610612745,Rockets,1986,0.512,0.477,44.8,1.6094674556213018,106.9
1610612745,Rockets,1987,0.561,0.471,46.0,1.4131736526946108,109.0
1610612745,Rockets,1988,0.549,0.474,45.9,1.287958115183246,108.5
1610612745,Rockets,1989,0.5,0.48,47.0,1.4486486486486487,106.7
1610612745,Rockets,1990,0.634,0.467,46.1,1.3567251461988303,106.7
1610612745,Rockets,1991,0.512,0.475,42.8,1.494047619047619,102.0
1610612745,Rockets,1992,0.671,0.486,42.9,1.6329113924050633,104.0
1610612745,Rockets,1993,0.707,0.475,43.2,1.5644171779141103,101.1
1610612745,Rockets,1994,0.573,0.48,40.5,1.5590062111801242,103.5
1610612745,Rockets,1995,0.585,0.464,41.1,1.5921052631578947,102.5
1610612745,Rockets,1996,0.695,0.468,42.6,1.4759036144578312,100.6
1610612745,Rockets,1997,0.5,0.452,40.7,1.3860759493670884,98.8
1610612745,Rockets,1998,0.62,0.462,41.5,1.308641975308642,94.2
1610612745,Rockets,1999,0.415,0.45,43.8,1.2413793103448278,99.5
1610612745,Rockets,2000,0.549,0.453,42.0,1.3401360544217686,97.2
1610612745,Rockets,2001,0.341,0.428,41.9,1.2836879432624115,92.3
1610612745,Rockets,2002,0.524,0.44,43.8,1.1794871794871795,93.8
1610612745,Rockets,2003,0.549,0.442,42.6,1.1556886227544911,89.8
1610612745,Rockets,2004,0.622,0.443,42.4,1.528985507246377,95.1
1610612745,Rockets,2005,0.415,0.433,41.6,1.3310344827586207,90.1
1610612745,Rockets,2006,0.634,0.445,43.3,1.4647887323943662,97.0
1610612745,Rockets,2007,0.671,0.448,44.6,1.5620437956204378,96.7
1610612745,Rockets,2008,0.646,0.453,43.0,1.4397163120567378,98.4
1610612745,Rockets,2009,0.512,0.447,42.0,1.503448275862069,102.4
1610612745,Rockets,2010,0.524,0.454,42.8,1.762962962962963,105.9
1610612745,Rockets,2011,0.515,0.449,42.2,1.4689655172413794,98.1
1610612745,Rockets,2012,0.549,0.461,43.4,1.4146341463414636,106.0
1610612745,Rockets,2013,0.659,0.472,45.3,1.3291925465838508,107.7
1610612745,Rockets,2014,0.683,0.444,43.7,1.3293413173652695,103.9
1610612745,Rockets,2015,0.5,0.452,43.1,1.3962264150943395,106.5
1610612745,Rockets,2016,0.671,0.462,44.4,1.6688741721854305,115.3
1610612745,Rockets,2017,0.793,0.46,43.5,1.5579710144927534,112.4
1610612745,Rockets,2018,0.646,0.449,42.1,1.593984962406015,113.9
1610612745,Rockets,2019,0.611,0.451,44.3,1.469387755102041,117.8
1610612745,Rockets,2020,0.236,0.444,42.6,1.6054421768707485,108.8
1610612745,Rockets,2021,0.244,0.456,42.0,1.4303030303030304,109.7
1610612745,Rockets,2022,0.268,0.457,46.3,1.382716049382716,110.7
1610612745,Rockets,2023,0.465,0.461,45.0,1.9606299212598426,112.9
1610612765,Pistons,1982,0.451,0.477,46.2,1.3526315789473684,112.7
1610612765,Pistons,1983,0.598,0.48,47.1,1.71875,117.1
1610612765,Pistons,1984,0.561,0.48,48.0,1.7134146341463417,116.0
1610612765,Pistons,1985,0.561,0.484,45.6,1.7256097560975612,114.2
1610612765,Pistons,1986,0.634,0.49,47.5,1.4219653179190752,111.2
1610612765,Pistons,1987,0.659,0.493,44.7,1.4939024390243905,109.2
1610612765,Pistons,1988,0.768,0.494,45.1,1.5153374233128833,106.6
1610612765,Pistons,1989,0.72,0.478,44.4,1.62,104.3
1610612765,Pistons,1990,0.61,0.465,44.6,1.5486111111111112,100.1
1610612765,Pistons,1991,0.585,0.465,44.3,1.5675675675675675,98.9
1610612765,Pistons,1992,0.488,0.453,44.0,1.6928571428571428,100.6
1610612765,Pistons,1993,0.244,0.452,40.8,1.423841059602649,96.9
1610612765,Pistons,1994,0.341,0.461,38.6,1.4161490683229814,98.2
1610612765,Pistons,1995,0.561,0.459,40.5,1.3243243243243243,95.4
1610612765,Pistons,1996,0.659,0.464,38.4,1.4960629921259843,94.2
1610612765,Pistons,1997,0.451,0.449,41.2,1.3356164383561644,94.2
1610612765,Pistons,1998,0.58,0.447,40.3,1.2784810126582278,90.4
1610612765,Pistons,1999,0.512,0.459,41.2,1.3248407643312103,103.5
1610612765,Pistons,2000,0.39,0.424,45.5,1.251572327044025,95.6
1610612765,Pistons,2001,0.61,0.452,38.7,1.4827586206896552,94.3
1610612765,Pistons,2002,0.61,0.43,40.6,1.4666666666666668,91.4
1610612765,Pistons,2003,0.659,0.435,42.8,1.3774834437086094,90.1
1610612765,Pistons,2004,0.659,0.444,43.4,1.5797101449275361,93.3
1610612765,Pistons,2005,0.78,0.455,40.5,2.1052631578947367,96.8
1610612765,Pistons,2006,0.646,0.454,40.5,1.7704918032786887,96.0
1610612765,Pistons,2007,0.72,0.458,41.4,1.905982905982906,97.5
1610612765,Pistons,2008,0.476,0.454,41.4,1.73109243697479,94.2
1610612765,Pistons,2009,0.329,0.445,40.2,1.4477611940298507,94.0
1610612765,Pistons,2010,0.366,0.46,38.6,1.623076923076923,97.0
1610612765,Pistons,2011,0.379,0.438,40.3,1.1910828025477707,90.9
1610612765,Pistons,2012,0.354,0.449,42.1,1.403973509933775,94.9
1610612765,Pistons,2013,0.354,0.447,45.4,1.4413793103448276,101.0
1610612765,Pistons,2014,0.39,0.432,44.9,1.6119402985074627,98.5
1610612765,Pistons,2015,0.537,0.439,46.3,1.437037037037037,102.0
1610612765,Pistons,2016,0.451,0.449,45.7,1.7731092436974791,101.3
1610612765,Pistons,2017,0.476,0.45,43.7,1.7014925373134329,103.8
1610612765,Pistons,2018,0.5,0.44,45.0,1.6304347826086956,107.0
1610612765,Pistons,2019,0.303,0.459,41.7,1.5751633986928104,107.2
1610612765,Pistons,2020,0.278,0.452,42.7,1.6241610738255032,106.6
1610612765,Pistons,2021,0.28,0.431,43.0,1.6549295774647887,104.8
1610612765,Pistons,2022,0.207,0.454,42.4,1.5231788079470199,110.3
1610612765,Pistons,2023,0.114,0.472,43.3,1.6923076923076923,112.5
1610612741,Bulls,1982,0.341,0.48,46.3,1.192488262910798,111.0
1610612741,Bulls,1983,0.329,0.474,42.0,1.328125,103.7
1610612741,Bulls,1984,0.463,0.5,42.0,1.3651685393258426,108.7
1610612741,Bulls,1985,0.366,0.481,43.4,1.4,109.3
1610612741,Bulls,1986,0.488,0.473,44.5,1.7058823529411764,104.8
1610612741,Bulls,1987,0.61,0.49,44.3,1.7012987012987013,105.0
1610612741,Bulls,1988,0.573,0.495,42.3,1.6666666666666667,106.4
1610612741,Bulls,1989,0.671,0.498,40.9,1.743421052631579,109.5
1610612741,Bulls,1990,0.744,0.51,42.6,1.875,110.0
1610612741,Bulls,1991,0.817,0.508,44.0,2.090225563909774,109.9
1610612741,Bulls,1992,0.695,0.482,43.6,1.9259259259259258,105.2
1610612741,Bulls,1993,0.671,0.476,43.1,1.610062893081761,98.0
1610612741,Bulls,1994,0.573,0.476,41.5,1.5189873417721518,101.5
1610612741,Bulls,1995,0.878,0.478,44.6,1.7342657342657342,105.2
1610612741,Bulls,1996,0.841,0.473,45.1,1.9333333333333333,103.1
1610612741,Bulls,1997,0.756,0.451,44.9,1.6527777777777777,96.7
1610612741,Bulls,1998,0.26,0.401,39.3,1.3096774193548388,81.9
1610612741,Bulls,1999,0.207,0.415,40.9,1.0578947368421054,84.8
1610612741,Bulls,2000,0.183,0.424,38.9,1.39873417721519,87.6
1610612741,Bulls,2001,0.256,0.433,40.0,1.4509803921568627,89.5
1610612741,Bulls,2002,0.366,0.445,43.0,1.2840236686390534,95.0
1610612741,Bulls,2003,0.28,0.414,43.5,1.3602484472049687,89.7
1610612741,Bulls,2004,0.573,0.432,43.8,1.2754491017964074,94.5
1610612741,Bulls,2005,0.5,0.446,42.8,1.4765100671140938,97.8
1610612741,Bulls,2006,0.598,0.457,43.7,1.39375,98.8
1610612741,Bulls,2007,0.402,0.435,43.0,1.5136986301369864,97.3
1610612741,Bulls,2008,0.5,0.457,42.1,1.4551724137931035,102.2
1610612741,Bulls,2009,0.5,0.451,44.5,1.4545454545454546,97.5
1610612741,Bulls,2010,0.756,0.462,44.2,1.5704225352112677,98.6
1610612741,Bulls,2011,0.758,0.452,46.7,1.6500000000000001,96.3
1610612741,Bulls,2012,0.549,0.437,43.2,1.6083916083916083,93.2
1610612741,Bulls,2013,0.585,0.432,44.1,1.523489932885906,93.7
1610612741,Bulls,2014,0.61,0.442,45.7,1.55,100.8
1610612741,Bulls,2015,0.512,0.441,46.3,1.6402877697841727,101.6
1610612741,Bulls,2016,0.5,0.444,46.3,1.661764705882353,102.9
1610612741,Bulls,2017,0.329,0.435,44.7,1.6785714285714286,102.9
1610612741,Bulls,2018,0.268,0.453,42.9,1.553191489361702,104.9
1610612741,Bulls,2019,0.338,0.447,41.9,1.4967741935483871,106.8
1610612741,Bulls,2020,0.431,0.476,45.0,1.774834437086093,110.7
1610612741,Bulls,2021,0.561,0.48,42.3,1.8671874999999998,111.6
1610612741,Bulls,2022,0.488,0.49,42.4,1.828358208955224,113.1
1610612741,Bulls,2023,0.467,0.461,43.6,1.9837398373983737,110.6
1610612762,Jazz,1982,0.366,0.48,44.4,1.2926829268292683,109.0
1610612762,Jazz,1983,0.549,0.498,44.1,1.4782608695652175,115.0
1610612762,Jazz,1984,0.5,0.476,44.3,1.3593750000000002,109.0
1610612762,Jazz,1985,0.512,0.488,43.3,1.4486486486486487,108.2
1610612762,Jazz,1986,0.537,0.464,44.5,1.5964912280701753,107.9
1610612762,Jazz,1987,0.573,0.491,44.1,1.6243093922651932,108.5
1610612762,Jazz,1988,0.622,0.482,44.6,1.374331550802139,104.7
1610612762,Jazz,1989,0.671,0.505,42.1,1.5697674418604652,106.8
1610612762,Jazz,1990,0.659,0.492,40.7,1.6981132075471699,104.0
1610612762,Jazz,1991,0.671,0.492,44.4,1.7337662337662336,108.3
1610612762,Jazz,1992,0.573,0.489,42.7,1.7096774193548387,106.2
1610612762,Jazz,1993,0.646,0.477,42.0,1.8344827586206898,101.9
1610612762,Jazz,1994,0.732,0.512,40.1,1.7515923566878981,106.4
1610612762,Jazz,1995,0.671,0.488,41.0,1.7635135135135136,102.5
1610612762,Jazz,1996,0.78,0.504,40.2,1.7402597402597402,103.1
1610612762,Jazz,1997,0.756,0.49,41.1,1.6363636363636362,101.0
1610612762,Jazz,1998,0.74,0.465,41.3,1.4785276073619633,93.3
1610612762,Jazz,1999,0.671,0.464,41.0,1.6711409395973154,96.5
1610612762,Jazz,2000,0.646,0.471,40.6,1.6265822784810124,97.1
1610612762,Jazz,2001,0.537,0.45,42.2,1.4787878787878788,96.0
1610612762,Jazz,2002,0.573,0.468,41.5,1.5238095238095237,94.7
1610612762,Jazz,2003,0.512,0.436,41.2,1.2289156626506021,88.7
1610612762,Jazz,2004,0.317,0.449,40.1,1.4113924050632911,93.0
1610612762,Jazz,2005,0.5,0.442,42.1,1.3757961783439492,92.4
1610612762,Jazz,2006,0.622,0.474,42.5,1.5833333333333333,101.5
1610612762,Jazz,2007,0.659,0.497,40.9,1.8082191780821917,106.2
1610612762,Jazz,2008,0.585,0.475,41.0,1.6689189189189189,103.6
1610612762,Jazz,2009,0.646,0.491,42.2,1.756578947368421,104.2
1610612762,Jazz,2010,0.476,0.465,39.5,1.6363636363636362,99.4
1610612762,Jazz,2011,0.545,0.456,44.2,1.535211267605634,99.7
1610612762,Jazz,2012,0.524,0.454,42.0,1.5337837837837838,98.0
1610612762,Jazz,2013,0.305,0.444,41.2,1.3904109589041096,95.0
1610612762,Jazz,2014,0.463,0.447,44.0,1.3006535947712417,95.1
1610612762,Jazz,2015,0.488,0.449,43.2,1.2751677852348993,97.7
1610612762,Jazz,2016,0.622,0.466,43.2,1.4779411764705883,100.7
1610612762,Jazz,2017,0.585,0.462,43.3,1.5238095238095237,104.1
1610612762,Jazz,2018,0.61,0.468,46.4,1.7218543046357617,111.7
1610612762,Jazz,2019,0.611,0.471,44.9,1.4834437086092715,111.3
1610612762,Jazz,2020,0.722,0.468,48.3,1.6690140845070423,116.4
1610612762,Jazz,2021,0.598,0.471,46.3,1.5999999999999999,113.6
1610612762,Jazz,2022,0.451,0.473,45.9,1.6883116883116882,117.1
1610612762,Jazz,2023,0.489,0.468,46.5,1.75625,117.4
1610612758,Kings,1982,0.549,0.497,44.7,1.2766990291262135,113.8
1610612758,Kings,1983,0.463,0.486,41.7,1.4863387978142075,110.0
1610612758,Kings,1984,0.378,0.504,42.6,1.4742268041237114,114.8
1610612758,Kings,1985,0.451,0.49,42.8,1.502673796791444,108.8
1610612758,Kings,1986,0.354,0.475,45.4,1.5555555555555556,110.9
1610612758,Kings,1987,0.293,0.471,45.0,1.449438202247191,108.0
1610612758,Kings,1988,0.329,0.457,43.8,1.437125748502994,105.5
1610612758,Kings,1989,0.28,0.468,40.4,1.6556291390728477,101.7
1610612758,Kings,1990,0.305,0.453,39.6,1.567741935483871,96.7
1610612758,Kings,1991,0.354,0.466,41.6,1.439759036144578,104.3
1610612758,Kings,1992,0.305,0.463,41.7,1.5240963855421685,107.9
1610612758,Kings,1993,0.341,0.452,42.3,1.5153374233128833,101.1
1610612758,Kings,1994,0.476,0.468,41.4,1.2542372881355932,98.2
1610612758,Kings,1995,0.476,0.457,42.2,1.2670454545454546,99.5
1610612758,Kings,1996,0.415,0.454,41.5,1.3518518518518519,96.4
1610612758,Kings,1997,0.329,0.442,41.4,1.4451612903225806,93.1
1610612758,Kings,1998,0.54,0.445,45.6,1.3452380952380953,100.2
1610612758,Kings,1999,0.537,0.45,45.0,1.4691358024691359,105.0
1610612758,Kings,2000,0.671,0.449,45.0,1.516778523489933,101.7
1610612758,Kings,2001,0.744,0.467,45.3,1.7318840579710142,104.6
1610612758,Kings,2002,0.72,0.464,44.5,1.710344827586207,101.7
1610612758,Kings,2003,0.671,0.462,41.2,1.884892086330935,102.8
1610612758,Kings,2004,0.61,0.459,42.4,1.870229007633588,103.7
1610612758,Kings,2005,0.537,0.454,40.5,1.5273972602739727,98.9
1610612758,Kings,2006,0.402,0.45,38.9,1.3904109589041096,101.3
1610612758,Kings,2007,0.463,0.464,40.1,1.186335403726708,102.5
1610612758,Kings,2008,0.207,0.447,39.1,1.279220779220779,100.6
1610612758,Kings,2009,0.305,0.456,42.6,1.3666666666666667,100.0
1610612758,Kings,2010,0.293,0.449,43.9,1.2670807453416146,99.4
1610612758,Kings,2011,0.333,0.436,42.9,1.340277777777778,98.8
1610612758,Kings,2012,0.341,0.447,40.6,1.4246575342465755,100.2
1610612758,Kings,2013,0.341,0.447,44.5,1.243421052631579,100.5
1610612758,Kings,2014,0.354,0.455,44.2,1.2453987730061349,101.3
1610612758,Kings,2015,0.402,0.464,44.2,1.5123456790123457,106.6
1610612758,Kings,2016,0.39,0.461,41.1,1.5410958904109588,102.8
1610612758,Kings,2017,0.329,0.45,40.9,1.5766423357664237,98.8
1610612758,Kings,2018,0.476,0.464,45.4,1.8955223880597014,114.2
1610612758,Kings,2019,0.431,0.462,42.6,1.6413793103448275,110.1
1610612758,Kings,2020,0.431,0.481,41.4,1.9029850746268657,113.7
1610612758,Kings,2021,0.366,0.46,42.9,1.6808510638297873,110.3
1610612758,Kings,2022,0.585,0.494,42.5,2.022222222222222,120.7
1610612758,Kings,2023,0.571,0.477,43.7,2.1259259259259258,118.3
1610612764,Bullets,1982,0.512,0.468,43.0,1.288659793814433,99.2
1610612764,Bullets,1983,0.427,0.484,41.6,1.5084745762711864,102.7
1610612764,Bullets,1984,0.488,0.479,41.5,1.6346153846153846,105.5
1610612764,Bullets,1985,0.476,0.463,42.7,1.2987804878048783,103.0
1610612764,Bullets,1986,0.512,0.454,44.1,1.3396226415094339,106.0
1610612764,Bullets,1987,0.463,0.468,43.0,1.3550295857988166,105.5
1610612764,Bullets,1988,0.488,0.464,44.0,1.5923566878980893,108.3
1610612764,Bullets,1989,0.378,0.475,44.5,1.8493150684931507,107.7
1610612764,Bullets,1990,0.366,0.466,43.5,1.5301204819277106,101.4
1610612764,Bullets,1991,0.305,0.461,41.6,1.6013071895424835,102.4
1610612764,Bullets,1992,0.268,0.467,40.8,1.5962732919254656,101.9
1610612764,Bullets,1993,0.293,0.468,39.8,1.2982456140350875,100.4
1610612764,Bullets,1994,0.256,0.46,39.8,1.3396226415094339,100.5
1610612764,Bullets,1995,0.476,0.484,39.7,1.3641975308641976,102.5
1610612764,Bullets,1996,0.537,0.48,41.8,1.4904458598726114,99.4
1610612764,Wizards,1997,0.512,0.452,42.2,1.6453900709219857,97.2
1610612764,Wizards,1998,0.36,0.445,40.0,1.4489795918367347,91.2
1610612764,Wizards,1999,0.354,0.451,42.7,1.341614906832298,96.6
1610612764,Wizards,2000,0.232,0.439,41.3,1.1823529411764706,93.2
1610612764,Wizards,2001,0.451,0.441,42.0,1.6076923076923075,92.8
1610612764,Wizards,2002,0.451,0.44,40.4,1.4701492537313432,91.5
1610612764,Wizards,2003,0.305,0.421,42.8,1.0685714285714285,91.8
1610612764,Wizards,2004,0.549,0.437,42.8,1.3356643356643356,100.5
1610612764,Wizards,2005,0.512,0.447,41.2,1.3381294964028778,101.7
1610612764,Wizards,2006,0.5,0.45,41.2,1.4637681159420288,104.3
1610612764,Wizards,2007,0.524,0.446,41.6,1.484848484848485,98.8
1610612764,Wizards,2008,0.232,0.45,40.1,1.4285714285714286,96.1
1610612764,Wizards,2009,0.317,0.449,41.8,1.2751677852348993,96.2
1610612764,Wizards,2010,0.28,0.443,41.3,1.2679738562091503,97.3
1610612764,Wizards,2011,0.303,0.441,41.7,1.2483660130718954,93.6
1610612764,Wizards,2012,0.354,0.435,43.2,1.4304635761589406,93.2
1610612764,Wizards,2013,0.537,0.459,42.2,1.5850340136054424,100.7
1610612764,Wizards,2014,0.561,0.462,44.7,1.6,98.5
1610612764,Wizards,2015,0.5,0.46,41.8,1.6896551724137931,104.1
1610612764,Wizards,2016,0.598,0.475,42.9,1.6830985915492958,109.2
1610612764,Wizards,2017,0.524,0.467,43.1,1.726027397260274,106.6
1610612764,Wizards,2018,0.39,0.468,42.4,1.8652482269503547,114.0
1610612764,Wizards,2019,0.347,0.457,42.0,1.7605633802816902,114.4
1610612764,Wizards,2020,0.472,0.475,45.2,1.7708333333333333,116.6
1610612764,Wizards,2021,0.427,0.472,43.1,1.9083969465648856,108.6
1610612764,Wizards,2022,0.427,0.485,43.6,1.801418439716312,113.2
1610612764,Wizards,2023,0.163,0.476,40.2,2.0364963503649633,115.2
1610612743,Nuggets,1982,0.549,0.494,45.6,1.565934065934066,123.2
1610612743,Nuggets,1983,0.463,0.493,43.6,1.8475609756097564,123.7
1610612743,Nuggets,1984,0.634,0.486,44.3,1.6331360946745563,120.0
1610612743,Nuggets,1985,0.573,0.471,43.2,1.6012269938650308,114.8
1610612743,Nuggets,1986,0.451,0.471,44.7,1.912162162162162,116.7
1610612743,Nuggets,1987,0.659,0.474,44.0,1.9310344827586208,116.7
1610612743,Nuggets,1988,0.537,0.468,45.4,1.8657718120805369,118.0
1610612743,Nuggets,1989,0.524,0.464,45.1,1.9928057553956833,114.6
1610612743,Nuggets,1990,0.244,0.44,49.4,1.5123456790123457,119.9
1610612743,Nuggets,1991,0.293,0.442,45.1,1.0738636363636362,99.7
1610612743,Nuggets,1992,0.439,0.46,46.7,1.2325581395348837,105.2
1610612743,Nuggets,1993,0.512,0.465,44.7,1.2427745664739884,100.3
1610612743,Nuggets,1994,0.5,0.479,42.0,1.3333333333333333,101.3
1610612743,Nuggets,1995,0.427,0.451,43.2,1.4675324675324677,97.7
1610612743,Nuggets,1996,0.256,0.439,42.0,1.393939393939394,97.7
1610612743,Nuggets,1997,0.134,0.417,39.0,1.18125,89.0
1610612743,Nuggets,1998,0.28,0.421,40.8,1.3108108108108107,93.5
1610612743,Nuggets,1999,0.427,0.442,44.7,1.4935897435897436,99.0
1610612743,Nuggets,2000,0.488,0.433,44.2,1.7266187050359711,96.6
1610612743,Nuggets,2001,0.329,0.424,41.8,1.5102040816326532,92.2
1610612743,Nuggets,2002,0.207,0.411,42.4,1.145945945945946,84.2
1610612743,Nuggets,2003,0.524,0.443,42.3,1.4038461538461537,97.2
1610612743,Nuggets,2004,0.598,0.459,42.0,1.6040268456375837,99.5
1610612743,Nuggets,2005,0.537,0.461,41.3,1.581081081081081,100.3
1610612743,Nuggets,2006,0.549,0.465,43.4,1.418181818181818,105.4
1610612743,Nuggets,2007,0.61,0.47,44.1,1.6802721088435375,110.7
1610612743,Nuggets,2008,0.659,0.47,41.6,1.4509803921568627,104.3
1610612743,Nuggets,2009,0.646,0.468,41.4,1.5107913669064748,106.5
1610612743,Nuggets,2010,0.61,0.476,42.0,1.5673758865248228,107.5
1610612743,Nuggets,2011,0.576,0.476,43.1,1.5584415584415585,104.1
1610612743,Nuggets,2012,0.695,0.478,45.0,1.5947712418300652,106.1
1610612743,Nuggets,2013,0.439,0.447,45.4,1.4088050314465408,104.4
1610612743,Nuggets,2014,0.366,0.433,44.7,1.535211267605634,101.5
1610612743,Nuggets,2015,0.402,0.442,44.6,1.5442176870748299,101.9
1610612743,Nuggets,2016,0.488,0.469,46.4,1.6866666666666668,111.7
1610612743,Nuggets,2017,0.561,0.47,44.5,1.6733333333333333,110.0
1610612743,Nuggets,2018,0.659,0.466,46.4,2.044776119402985,110.7
1610612743,Nuggets,2019,0.63,0.473,44.1,1.934782608695652,111.3
1610612743,Nuggets,2020,0.653,0.485,44.4,1.9851851851851852,115.1
1610612743,Nuggets,2021,0.585,0.483,44.1,1.9172413793103449,112.7
1610612743,Nuggets,2022,0.646,0.504,43.0,1.993103448275862,115.8
1610612743,Nuggets,2023,0.689,0.499,44.0,2.3095238095238098,115.9
1610612753,Magic,1989,0.22,0.459,46.0,1.4127906976744187,110.9
1610612753,Magic,1990,0.378,0.455,44.7,1.3,105.9
1610612753,Magic,1991,0.256,0.453,42.7,1.288235294117647,101.6
1610612753,Magic,1992,0.5,0.486,44.0,1.3678160919540232,105.5
1610612753,Magic,1993,0.61,0.485,43.1,1.5555555555555556,105.7
1610612753,Magic,1994,0.695,0.502,44.0,1.759493670886076,110.9
1610612753,Magic,1995,0.732,0.482,41.1,1.801418439716312,104.5
1610612753,Magic,1996,0.549,0.437,40.1,1.355263157894737,94.1
1610612753,Magic,1997,0.5,0.429,41.2,1.352941176470588,90.1
1610612753,Magic,1998,0.66,0.428,42.7,1.2987804878048783,89.5
1610612753,Magic,1999,0.5,0.452,44.9,1.1818181818181817,100.1
1610612753,Magic,2000,0.524,0.438,42.9,1.4473684210526316,97.5
1610612753,Magic,2001,0.537,0.448,41.2,1.6176470588235294,100.5
1610612753,Magic,2002,0.512,0.436,40.9,1.4166666666666665,98.5
1610612753,Magic,2003,0.256,0.429,40.9,1.4087591240875914,94.0
1610612753,Magic,2004,0.439,0.454,43.7,1.1987577639751552,99.5
1610612753,Magic,2005,0.439,0.472,40.2,1.205298013245033,94.9
1610612753,Magic,2006,0.488,0.472,40.7,1.0941176470588236,94.8
1610612753,Magic,2007,0.634,0.474,42.0,1.4545454545454546,104.5
1610612753,Magic,2008,0.72,0.457,43.3,1.3956834532374098,101.0
1610612753,Magic,2009,0.72,0.47,43.2,1.3971631205673758,102.8
1610612753,Magic,2010,0.634,0.461,43.2,1.342281879194631,99.2
1610612753,Magic,2011,0.561,0.441,42.5,1.342281879194631,94.2
1610612753,Magic,2012,0.244,0.448,42.7,1.5724137931034483,94.1
1610612753,Magic,2013,0.28,0.445,42.0,1.4093959731543624,96.5
1610612753,Magic,2014,0.305,0.453,41.8,1.3825503355704698,95.7
1610612753,Magic,2015,0.427,0.455,43.3,1.6737588652482271,102.1
1610612753,Magic,2016,0.354,0.44,43.2,1.6691729323308269,101.1
1610612753,Magic,2017,0.305,0.452,41.6,1.6137931034482758,103.4
1610612753,Magic,2018,0.512,0.454,45.4,1.9318181818181819,107.3
1610612753,Magic,2019,0.452,0.444,44.5,1.8671874999999998,107.3
1610612753,Magic,2020,0.292,0.429,45.4,1.703125,104.0
1610612753,Magic,2021,0.268,0.434,44.3,1.6344827586206896,104.2
1610612753,Magic,2022,0.415,0.47,43.2,1.5364238410596027,111.4
1610612753,Magic,2023,0.523,0.468,43.4,1.6554054054054053,111.4
1610612740,Hornets,2002,0.573,0.435,43.6,1.4864864864864864,93.9
1610612740,Hornets,2003,0.5,0.42,42.8,1.3933333333333333,91.8
1610612740,Hornets,2004,0.22,0.415,40.2,1.4189189189189189,88.4
1610612740,Hornets,2005,0.463,0.44,40.2,1.380597014925373,92.8
1610612740,Hornets,2006,0.476,0.445,43.1,1.289655172413793,95.5
1610612740,Hornets,2007,0.683,0.466,41.8,1.8319327731092436,100.9
1610612740,Hornets,2008,0.598,0.457,39.7,1.568,95.8
1610612740,Hornets,2009,0.451,0.464,40.3,1.651851851851852,100.2
1610612740,Hornets,2010,0.561,0.459,40.1,1.5846153846153848,94.9
1610612740,Hornets,2011,0.318,0.451,41.1,1.335483870967742,89.6
1610612740,Hornets,2012,0.329,0.448,41.6,1.4482758620689655,94.1
1610612740,Pelicans,2013,0.415,0.459,41.7,1.5434782608695652,99.7
1610612740,Pelicans,2014,0.549,0.457,43.5,1.6541353383458646,99.4
1610612740,Pelicans,2015,0.366,0.448,42.6,1.6567164179104477,102.7
1610612740,Pelicans,2016,0.415,0.45,43.7,1.7674418604651163,104.3
1610612740,Pelicans,2017,0.585,0.483,44.3,1.7986577181208054,111.7
1610612740,Pelicans,2018,0.402,0.473,47.3,1.8243243243243243,115.4
1610612740,Pelicans,2019,0.417,0.465,46.5,1.6341463414634148,115.8
1610612740,Pelicans,2020,0.431,0.477,47.4,1.7808219178082192,114.6
1610612740,Pelicans,2021,0.439,0.457,45.2,1.773049645390071,109.3
1610612740,Pelicans,2022,0.512,0.48,43.7,1.773972602739726,114.4
1610612740,Pelicans,2023,0.591,0.489,44.5,2.0606060606060606,117.5
1610612749,Bucks,1982,0.622,0.489,43.6,1.4659090909090908,106.6
1610612749,Bucks,1983,0.61,0.492,42.9,1.4913294797687862,105.7
1610612749,Bucks,1984,0.72,0.491,44.0,1.5621301775147929,110.9
1610612749,Bucks,1985,0.695,0.493,44.0,1.5748502994011977,114.5
1610612749,Bucks,1986,0.61,0.475,42.0,1.6168831168831168,110.4
1610612749,Bucks,1987,0.512,0.475,42.1,1.729032258064516,106.1
1610612749,Bucks,1988,0.598,0.474,41.5,1.5911949685534592,108.9
1610612749,Bucks,1989,0.537,0.473,40.9,1.5625,106.0
1610612749,Bucks,1990,0.585,0.48,39.5,1.5714285714285714,106.4
1610612749,Bucks,1991,0.378,0.46,42.3,1.490909090909091,105.0
1610612749,Bucks,1992,0.341,0.472,38.6,1.5301204819277106,102.3
1610612749,Bucks,1993,0.244,0.447,40.0,1.4451219512195124,96.9
1610612749,Bucks,1994,0.415,0.459,39.6,1.2470588235294118,99.3
1610612749,Bucks,1995,0.305,0.467,38.3,1.3544303797468353,95.6
1610612749,Bucks,1996,0.402,0.471,39.2,1.248407643312102,95.3
1610612749,Bucks,1997,0.439,0.456,39.9,1.1893491124260356,94.5
1610612749,Bucks,1998,0.56,0.459,38.8,1.4305555555555556,91.7
1610612749,Bucks,1999,0.512,0.465,41.3,1.5066666666666668,101.2
1610612749,Bucks,2000,0.634,0.458,42.4,1.6423357664233578,100.7
1610612749,Bucks,2001,0.5,0.462,41.4,1.5957446808510638,97.5
1610612749,Bucks,2002,0.512,0.457,39.5,1.7480314960629921,99.5
1610612749,Bucks,2003,0.5,0.447,42.2,1.6888888888888889,98.0
1610612749,Bucks,2004,0.366,0.45,41.3,1.5217391304347825,97.2
1610612749,Bucks,2005,0.481,0.453,41.2,1.4794520547945207,97.8
1610612749,Bucks,2006,0.341,0.465,39.2,1.4304635761589406,99.7
1610612749,Bucks,2007,0.317,0.449,41.7,1.4527027027027026,97.0
1610612749,Bucks,2008,0.415,0.445,40.7,1.5602836879432624,99.3
1610612749,Bucks,2009,0.561,0.436,43.0,1.6060606060606062,97.7
1610612749,Bucks,2010,0.427,0.43,40.8,1.3925925925925926,91.9
1610612749,Bucks,2011,0.47,0.443,42.5,1.6666666666666667,99.0
1610612749,Bucks,2012,0.463,0.435,44.0,1.624113475177305,98.9
1610612749,Bucks,2013,0.183,0.438,41.1,1.423841059602649,95.5
1610612749,Bucks,2014,0.5,0.459,42.1,1.4131736526946108,97.8
1610612749,Bucks,2015,0.402,0.467,41.7,1.5197368421052633,99.0
1610612749,Bucks,2016,0.512,0.474,40.4,1.7285714285714284,103.6
1610612749,Bucks,2017,0.537,0.478,39.8,1.681159420289855,106.5
1610612749,Bucks,2018,0.732,0.476,49.7,1.870503597122302,118.1
1610612749,Bucks,2019,0.767,0.476,51.7,1.71523178807947,118.7
1610612749,Bucks,2020,0.639,0.487,48.1,1.8478260869565217,120.1
1610612749,Bucks,2021,0.622,0.468,46.7,1.7835820895522387,115.5
1610612749,Bucks,2022,0.707,0.473,48.6,1.767123287671233,116.9
1610612749,Bucks,2023,0.705,0.499,44.5,2.062015503875969,124.6
1610612750,Timberwolves,1989,0.268,0.446,39.6,1.5410958904109588,95.2
1610612750,Timberwolves,1990,0.354,0.449,41.3,1.7692307692307692,99.6
1610612750,Timberwolves,1991,0.183,0.458,40.7,1.75177304964539,100.5
1610612750,Timberwolves,1992,0.232,0.466,38.3,1.4104046242774566,98.1
1610612750,Timberwolves,1993,0.244,0.457,40.6,1.3333333333333333,96.7
1610612750,Timberwolves,1994,0.256,0.449,36.3,1.2690058479532162,94.2
1610612750,Timberwolves,1995,0.317,0.459,39.7,1.310344827586207,97.9
1610612750,Timberwolves,1996,0.488,0.456,39.7,1.506578947368421,96.1
1610612750,Timberwolves,1997,0.549,0.461,42.6,1.8129496402877696,101.1
1610612750,Timberwolves,1998,0.5,0.425,42.9,1.9062499999999998,92.9
1610612750,Timberwolves,1999,0.61,0.467,42.5,1.935251798561151,98.5
1610612750,Timberwolves,2000,0.573,0.458,42.3,1.8273381294964026,97.3
1610612750,Timberwolves,2001,0.61,0.461,44.2,1.8134328358208955,99.3
1610612750,Timberwolves,2002,0.622,0.466,43.6,1.8394160583941606,98.1
1610612750,Timberwolves,2003,0.707,0.462,42.9,1.8110236220472442,94.5
1610612750,Timberwolves,2004,0.537,0.459,43.0,1.7727272727272727,96.8
1610612750,Timberwolves,2005,0.402,0.456,39.4,1.4413793103448276,91.7
1610612750,Timberwolves,2006,0.39,0.461,40.2,1.4423076923076923,96.1
1610612750,Timberwolves,2007,0.268,0.451,41.4,1.3724137931034481,95.6
1610612750,Timberwolves,2008,0.293,0.441,41.7,1.436619718309859,97.8
1610612750,Timberwolves,2009,0.183,0.449,42.9,1.2147239263803682,98.2
1610612750,Timberwolves,2010,0.207,0.441,44.4,1.1823529411764706,101.1
1610612750,Timberwolves,2011,0.394,0.433,43.7,1.2828947368421053,97.9
1610612750,Timberwolves,2012,0.378,0.439,42.0,1.5135135135135134,95.7
1610612750,Timberwolves,2013,0.488,0.444,44.7,1.7194244604316544,106.9
1610612750,Timberwolves,2014,0.195,0.438,40.9,1.4400000000000002,97.8
1610612750,Timberwolves,2015,0.354,0.464,41.6,1.5599999999999998,102.4
1610612750,Timberwolves,2016,0.378,0.467,42.4,1.6928571428571428,105.6
1610612750,Timberwolves,2017,0.573,0.476,42.0,1.8159999999999998,109.5
1610612750,Timberwolves,2018,0.439,0.456,44.8,1.8778625954198476,112.5
1610612750,Timberwolves,2019,0.297,0.441,44.8,1.5555555555555556,113.3
1610612750,Timberwolves,2020,0.319,0.448,43.5,1.7902097902097902,112.1
1610612750,Timberwolves,2021,0.561,0.457,44.2,1.797202797202797,115.9
1610612750,Timberwolves,2022,0.512,0.49,41.9,1.7124183006535947,115.8
1610612750,Timberwolves,2023,0.705,0.487,44.0,1.736842105263158,113.5
1610612752,Knicks,1982,0.537,0.482,40.8,1.347826086956522,100.0
1610612752,Knicks,1983,0.573,0.495,40.5,1.2835051546391754,106.9
1610612752,Knicks,1984,0.293,0.484,39.2,1.3707865168539324,105.2
1610612752,Knicks,1985,0.28,0.46,39.6,1.3085714285714285,98.7
1610612752,Knicks,1986,0.293,0.474,39.9,1.3699421965317917,103.8
1610612752,Knicks,1987,0.463,0.465,42.4,1.3243243243243243,105.5
1610612752,Knicks,1988,0.634,0.486,43.7,1.3229166666666667,116.7
1610612752,Knicks,1989,0.549,0.484,44.1,1.5174418604651165,108.3
1610612752,Knicks,1990,0.476,0.485,42.5,1.5773809523809523,103.1
1610612752,Knicks,1991,0.622,0.477,44.8,1.7218543046357617,101.6
1610612752,Knicks,1992,0.732,0.465,46.5,1.6392405063291138,101.6
1610612752,Knicks,1993,0.695,0.46,45.3,1.5180722891566263,98.5
1610612752,Knicks,1994,0.671,0.467,41.5,1.578616352201258,98.2
1610612752,Knicks,1995,0.573,0.471,40.0,1.432258064516129,97.2
1610612752,Knicks,1996,0.695,0.463,42.5,1.2415730337078652,95.4
1610612752,Knicks,1997,0.524,0.447,41.6,1.4342105263157896,91.6
1610612752,Knicks,1998,0.54,0.435,41.2,1.1987577639751552,86.4
1610612752,Knicks,1999,0.61,0.455,40.5,1.3287671232876712,92.1
1610612752,Knicks,2000,0.585,0.444,40.2,1.2758620689655173,88.7
1610612752,Knicks,2001,0.366,0.432,40.7,1.4482758620689655,91.6
1610612752,Knicks,2002,0.451,0.441,39.2,1.5714285714285714,95.9
1610612752,Knicks,2003,0.476,0.442,42.6,1.3184713375796178,92.0
1610612752,Knicks,2004,0.402,0.451,41.0,1.3809523809523812,97.3
1610612752,Knicks,2005,0.28,0.455,41.4,1.0112994350282485,95.6
1610612752,Knicks,2006,0.402,0.457,43.3,1.093567251461988,97.5
1610612752,Knicks,2007,0.28,0.439,42.5,1.289655172413793,96.9
1610612752,Knicks,2008,0.39,0.445,42.1,1.4825174825174825,105.2
1610612752,Knicks,2009,0.354,0.455,40.4,1.542857142857143,102.1
1610612752,Knicks,2010,0.512,0.457,40.5,1.5620437956204378,106.5
1610612752,Knicks,2011,0.545,0.443,41.7,1.25625,97.8
1610612752,Knicks,2012,0.659,0.448,40.6,1.6083333333333334,100.0
1610612752,Knicks,2013,0.451,0.449,40.3,1.5384615384615385,98.6
1610612752,Knicks,2014,0.207,0.428,40.4,1.4489795918367347,91.9
1610612752,Knicks,2015,0.39,0.439,44.4,1.5298507462686566,98.4
1610612752,Knicks,2016,0.378,0.447,45.2,1.5683453237410072,104.3
1610612752,Knicks,2017,0.354,0.464,44.0,1.5850340136054424,104.5
1610612752,Knicks,2018,0.207,0.433,44.7,1.4357142857142857,104.6
1610612752,Knicks,2019,0.318,0.447,46.5,1.5454545454545454,105.8
1610612752,Knicks,2020,0.569,0.456,45.1,1.6589147286821704,107.0
1610612752,Knicks,2021,0.451,0.437,46.1,1.6466165413533833,106.5
1610612752,Knicks,2022,0.573,0.47,46.6,1.7615384615384615,116.0
1610612752,Knicks,2023,0.614,0.466,46.2,1.7266187050359711,115.0
1610612751,Nets,1982,0.598,0.492,45.0,1.1447368421052633,105.8
1610612751,Nets,1983,0.549,0.498,43.1,1.3367346938775508,110.0
1610612751,Nets,1984,0.512,0.49,43.4,1.5999999999999999,109.5
1610612751,Nets,1985,0.476,0.486,44.7,1.3541666666666667,109.1
1610612751,Nets,1986,0.293,0.476,43.6,1.233502538071066,108.5
1610612751,Nets,1987,0.232,0.468,40.7,1.1967213114754096,100.4
1610612751,Nets,1988,0.317,0.461,44.2,1.2372881355932204,103.7
1610612751,Nets,1989,0.207,0.426,45.0,1.0843373493975903,100.1
1610612751,Nets,1990,0.317,0.444,45.7,1.2471264367816093,102.9
1610612751,Nets,1991,0.488,0.458,47.6,1.3882352941176472,105.4
1610612751,Nets,1992,0.524,0.462,46.3,1.3818181818181818,102.8
1610612751,Nets,1993,0.549,0.445,47.0,1.5890410958904109,103.2
1610612751,Nets,1994,0.366,0.436,46.1,1.4465408805031446,98.1
1610612751,Nets,1995,0.366,0.427,47.0,1.2738095238095237,93.7
1610612751,Nets,1996,0.317,0.422,46.2,1.337579617834395,97.2
1610612751,Nets,1997,0.524,0.441,42.5,1.4236111111111112,99.6
1610612751,Nets,1998,0.32,0.406,43.0,1.2333333333333334,91.4
1610612751,Nets,1999,0.378,0.433,40.9,1.5147058823529413,98.0
1610612751,Nets,2000,0.317,0.425,39.6,1.326530612244898,92.1
1610612751,Nets,2001,0.634,0.446,43.3,1.6758620689655173,96.2
1610612751,Nets,2002,0.598,0.441,42.9,1.554054054054054,95.4
1610612751,Nets,2003,0.573,0.441,40.7,1.6666666666666667,90.3
1610612751,Nets,2004,0.512,0.429,39.5,1.5211267605633805,91.4
1610612751,Nets,2005,0.598,0.44,41.0,1.6911764705882353,93.8
1610612751,Nets,2006,0.5,0.457,40.8,1.6148648648648647,97.6
1610612751,Nets,2007,0.415,0.443,41.9,1.5666666666666667,95.8
1610612751,Nets,2008,0.415,0.448,39.8,1.5267175572519085,98.1
1610612751,Nets,2009,0.146,0.429,39.7,1.3055555555555556,92.4
1610612751,Nets,2010,0.293,0.44,40.8,1.5,94.2
1610612751,Nets,2011,0.333,0.425,40.3,1.3178807947019866,93.1
1610612751,Nets,2012,0.598,0.45,42.8,1.3809523809523812,96.9
1610612751,Nets,2013,0.537,0.459,38.1,1.4413793103448276,98.5
1610612751,Nets,2014,0.463,0.451,42.4,1.5144927536231882,98.0
1610612751,Nets,2015,0.256,0.453,42.4,1.5067567567567568,98.6
1610612751,Nets,2016,0.244,0.444,43.9,1.2969696969696969,105.8
1610612751,Nets,2017,0.341,0.441,44.4,1.5592105263157896,106.6
1610612751,Nets,2018,0.512,0.449,46.6,1.576158940397351,112.2
1610612751,Nets,2019,0.486,0.448,47.9,1.6013071895424835,111.8
1610612751,Nets,2020,0.667,0.494,44.4,1.9851851851851852,118.6
1610612751,Nets,2021,0.537,0.475,44.4,1.7943262411347518,112.9
1610612751,Nets,2022,0.549,0.487,40.5,1.8613138686131387,113.4
1610612751,Nets,2023,0.395,0.458,45.9,2.078740157480315,113.9
1610612756,Suns,1982,0.646,0.497,44.0,1.4893617021276595,107.0
1610612756,Suns,1983,0.5,0.509,41.0,1.5254237288135595,111.0
1610612756,Suns,1984,0.439,0.491,42.1,1.4766839378238341,108.0
1610612756,Suns,1985,0.39,0.503,42.5,1.2883720930232558,110.0
1610612756,Suns,1986,0.439,0.497,42.4,1.5683060109289617,111.1
1610612756,Suns,1987,0.341,0.486,42.6,1.6511627906976745,108.5
1610612756,Suns,1988,0.671,0.498,45.3,1.7820512820512822,118.6
1610612756,Suns,1989,0.659,0.496,45.2,1.6580645161290322,114.9
1610612756,Suns,1990,0.671,0.496,45.5,1.691823899371069,114.0
1610612756,Suns,1991,0.646,0.492,44.5,1.769736842105263,112.1
1610612756,Suns,1992,0.756,0.493,44.5,1.5361445783132528,113.4
1610612756,Suns,1993,0.683,0.484,44.8,1.7358490566037736,108.2
1610612756,Suns,1994,0.72,0.482,41.8,1.887323943661972,110.6
1610612756,Suns,1995,0.5,0.473,42.8,1.6598639455782314,104.3
1610612756,Suns,1996,0.488,0.469,40.1,1.75,102.8
1610612756,Suns,1997,0.683,0.468,42.0,1.71523178807947,99.6
1610612756,Suns,1998,0.54,0.449,40.3,1.8382352941176472,95.6
1610612756,Suns,1999,0.646,0.457,43.7,1.532934131736527,98.9
1610612756,Suns,2000,0.622,0.436,42.7,1.5263157894736843,94.0
1610612756,Suns,2001,0.439,0.447,42.7,1.5238095238095237,95.1
1610612756,Suns,2002,0.537,0.443,42.5,1.4285714285714286,95.5
1610612756,Suns,2003,0.354,0.443,40.6,1.2697368421052633,94.2
1610612756,Suns,2004,0.756,0.477,44.1,1.7153284671532847,110.4
1610612756,Suns,2005,0.659,0.479,41.8,2.0,108.4
1610612756,Suns,2006,0.744,0.494,40.5,1.786206896551724,110.2
1610612756,Suns,2007,0.671,0.5,41.5,1.8541666666666665,110.1
1610612756,Suns,2008,0.561,0.504,41.7,1.4777070063694269,109.4
1610612756,Suns,2009,0.659,0.492,43.0,1.5743243243243243,110.2
1610612756,Suns,2010,0.488,0.47,40.2,1.6573426573426573,105.0
1610612756,Suns,2011,0.5,0.458,41.7,1.5957446808510638,98.4
1610612756,Suns,2012,0.305,0.443,41.6,1.448717948717949,95.2
1610612756,Suns,2013,0.585,0.463,43.0,1.2483660130718954,105.2
1610612756,Suns,2014,0.476,0.452,43.2,1.3377483443708609,102.4
1610612756,Suns,2015,0.28,0.435,44.8,1.2034883720930232,100.9
1610612756,Suns,2016,0.293,0.45,45.0,1.2727272727272727,107.7
1610612756,Suns,2017,0.256,0.442,44.1,1.3566878980891721,103.9
1610612756,Suns,2018,0.232,0.459,40.4,1.532051282051282,107.5
1610612756,Suns,2019,0.466,0.468,43.5,1.8378378378378377,113.6
1610612756,Suns,2020,0.708,0.49,42.9,2.1519999999999997,115.3
1610612756,Suns,2021,0.78,0.485,45.3,2.1240310077519378,114.8
1610612756,Suns,2022,0.549,0.467,44.2,2.022222222222222,113.6
1610612756,Suns,2023,0.591,0.489,43.4,1.8082191780821917,116.5
1610612747,Lakers,1982,0.707,0.528,44.7,1.5906735751295336,115.0
1610612747,Lakers,1983,0.659,0.532,43.8,1.5572916666666667,115.6
1610612747,Lakers,1984,0.756,0.545,44.1,1.679144385026738,118.2
1610612747,Lakers,1985,0.756,0.522,44.6,1.6592178770949721,117.3
1610612747,Lakers,1986,0.793,0.516,44.4,1.783132530120482,117.8
1610612747,Lakers,1987,0.756,0.505,43.5,1.7763975155279503,112.8
1610612747,Lakers,1988,0.695,0.502,45.2,1.6951219512195124,114.7
1610612747,Lakers,1989,0.768,0.49,43.4,1.8133333333333332,110.7
1610612747,Lakers,1990,0.707,0.484,42.9,1.7346938775510206,106.3
1610612747,Lakers,1991,0.524,0.456,40.9,1.6541353383458646,100.4
1610612747,Lakers,1992,0.476,0.473,41.4,1.5909090909090908,104.2
1610612747,Lakers,1993,0.402,0.45,42.2,1.6575342465753424,100.4
1610612747,Lakers,1994,0.585,0.463,42.0,1.6644736842105265,105.1
1610612747,Lakers,1995,0.646,0.48,40.2,1.7887323943661972,102.9
1610612747,Lakers,1996,0.683,0.454,42.8,1.5100671140939597,100.0
1610612747,Lakers,1997,0.744,0.481,43.3,1.6013071895424835,105.5
1610612747,Lakers,1998,0.62,0.468,42.0,1.4503311258278144,99.0
1610612747,Lakers,1999,0.817,0.459,47.0,1.6834532374100717,100.8
1610612747,Lakers,2000,0.683,0.465,44.7,1.597222222222222,100.6
1610612747,Lakers,2001,0.707,0.461,44.3,1.8110236220472442,101.3
1610612747,Lakers,2002,0.61,0.451,44.3,1.606896551724138,100.4
1610612747,Lakers,2003,0.683,0.454,43.1,1.7246376811594202,98.2
1610612747,Lakers,2004,0.415,0.437,43.2,1.4265734265734265,98.7
1610612747,Lakers,2005,0.549,0.453,42.2,1.5179856115107915,99.4
1610612747,Lakers,2006,0.512,0.466,41.2,1.4580645161290324,103.3
1610612747,Lakers,2007,0.695,0.476,44.1,1.730496453900709,108.6
1610612747,Lakers,2008,0.793,0.474,43.9,1.725925925925926,106.9
1610612747,Lakers,2009,0.695,0.457,44.3,1.5746268656716418,101.7
1610612747,Lakers,2010,0.695,0.463,44.0,1.6793893129770994,101.5
1610612747,Lakers,2011,0.621,0.457,46.2,1.490066225165563,97.3
1610612747,Lakers,2012,0.549,0.458,44.8,1.48,102.2
1610612747,Lakers,2013,0.329,0.45,41.0,1.6225165562913908,103.0
1610612747,Lakers,2014,0.256,0.435,43.9,1.5833333333333333,98.5
1610612747,Lakers,2015,0.207,0.414,43.0,1.3138686131386863,97.3
1610612747,Lakers,2016,0.317,0.45,43.5,1.375,104.6
1610612747,Lakers,2017,0.427,0.461,46.4,1.5063291139240507,108.1
1610612747,Lakers,2018,0.451,0.47,46.6,1.6305732484076434,111.8
1610612747,Lakers,2019,0.732,0.48,45.7,1.6710526315789473,113.4
1610612747,Lakers,2020,0.583,0.472,44.2,1.625,109.5
1610612747,Lakers,2021,0.402,0.469,44.0,1.6551724137931034,112.1
1610612747,Lakers,2022,0.524,0.482,45.7,1.7943262411347518,117.2
1610612747,Lakers,2023,0.489,0.489,43.1,1.9510489510489508,114.8
1610612755,76ers,1982,0.793,0.499,47.9,1.2424242424242424,112.1
1610612755,76ers,1983,0.634,0.495,43.5,1.2462311557788945,107.8
1610612755,76ers,1984,0.707,0.492,44.7,1.2708333333333333,112.9
1610612755,76ers,1985,0.659,0.487,45.2,1.2615384615384617,110.4
1610612755,76ers,1986,0.549,0.491,42.7,1.281081081081081,106.5
1610612755,76ers,1987,0.439,0.474,43.0,1.32,105.7
1610612755,76ers,1988,0.561,0.486,42.7,1.7364864864864864,111.9
1610612755,76ers,1989,0.646,0.489,42.9,1.6054421768707485,110.2
1610612755,76ers,1990,0.537,0.475,42.4,1.48,105.4
1610612755,76ers,1991,0.427,0.471,41.1,1.4172185430463575,101.9
1610612755,76ers,1992,0.317,0.456,42.2,1.4999999999999998,104.3
1610612755,76ers,1993,0.305,0.455,41.5,1.3353293413173655,98.0
1610612755,76ers,1994,0.293,0.448,40.7,1.1575757575757577,95.4
1610612755,76ers,1995,0.22,0.436,38.9,1.1569767441860466,94.5
1610612755,76ers,1996,0.268,0.438,44.2,1.1828571428571428,100.2
1610612755,76ers,1997,0.378,0.443,41.7,1.2787878787878788,93.3
1610612755,76ers,1998,0.56,0.426,43.1,1.1402439024390245,89.7
1610612755,76ers,1999,0.598,0.442,44.1,1.414012738853503,94.8
1610612755,76ers,2000,0.683,0.447,44.8,1.3037974683544304,94.7
1610612755,76ers,2001,0.524,0.436,44.2,1.3071895424836601,91.0
1610612755,76ers,2002,0.585,0.448,42.2,1.4594594594594594,96.8
1610612755,76ers,2003,0.402,0.428,40.8,1.2578616352201257,88.0
1610612755,76ers,2004,0.524,0.437,42.0,1.3483870967741935,99.1
1610612755,76ers,2005,0.463,0.458,40.2,1.4326241134751774,99.4
1610612755,76ers,2006,0.427,0.458,39.7,1.3333333333333333,94.9
1610612755,76ers,2007,0.488,0.46,41.9,1.4265734265734265,96.6
1610612755,76ers,2008,0.5,0.459,41.2,1.4255319148936172,97.4
1610612755,76ers,2009,0.329,0.46,41.0,1.4482758620689655,97.7
1610612755,76ers,2010,0.5,0.461,41.8,1.7461538461538462,99.0
1610612755,76ers,2011,0.53,0.448,43.2,1.9642857142857144,93.6
1610612755,76ers,2012,0.415,0.444,41.3,1.7538461538461538,93.2
1610612755,76ers,2013,0.232,0.435,42.7,1.289940828402367,99.5
1610612755,76ers,2014,0.22,0.408,42.9,1.1581920903954803,92.0
1610612755,76ers,2015,0.122,0.431,41.2,1.3109756097560976,97.4
1610612755,76ers,2016,0.341,0.442,42.8,1.4251497005988025,102.4
1610612755,76ers,2017,0.634,0.472,47.4,1.6424242424242426,109.8
1610612755,76ers,2018,0.622,0.471,47.8,1.8053691275167785,115.2
1610612755,76ers,2019,0.589,0.468,45.4,1.8169014084507045,110.7
1610612755,76ers,2020,0.681,0.476,45.1,1.6458333333333333,113.6
1610612755,76ers,2021,0.622,0.466,42.3,1.896,109.9
1610612755,76ers,2022,0.659,0.487,40.9,1.8394160583941606,115.2
1610612755,76ers,2023,0.69,0.476,43.7,2.1166666666666667,119.8
